file,low_dab_mean,low_dab_std,low_dab_rgb_mean,low_dab_rgb_std,high_dab_mean,high_dab_std,high_dab_rgb_mean,high_dab_rgb_std
"CyclinD1/1. WT, Chow/ASV50/CyclinD1_ASV50_1.vmic.20020.tif Snapshot 1.tif",0.0247395066131817,0.0058561733517189,196.5543418716086,18.607366922403727,0.0704621857694742,0.0210224105204273,124.04577936902528,21.236182567116646
"CyclinD1/1. WT, Chow/ASV50/CyclinD1_ASV50_1.vmic.20020.tif Snapshot 2.tif",0.0251409582266567,0.006327532154303,194.70919597831684,19.802061343656565,0.0730860557857421,0.021631847606458,121.39410026199072,20.8851195999918
"CyclinD1/1. WT, Chow/ASV50/CyclinD1_ASV50_1.vmic.20020.tif Snapshot 3.tif",0.0274291147947961,0.0076893446433409,193.6147822771049,20.25053819835254,0.0949487918587741,0.0291836454099703,107.9822494085707,20.98048829797005
"CyclinD1/1. WT, Chow/ASV50/CyclinD1_ASV50_1.vmic.20020.tif Snapshot 4.tif",0.0232048743282067,0.005359797180216,194.5305926498948,18.92129514684172,0.0671938158259566,0.0220504565754485,120.56070543586098,22.477848986175832
"CyclinD1/1. WT, Chow/ASV54/CyclinD1_ASV54_1.vmic.20020.tif  Snapshot 1.tif",0.0456166217423927,0.0152534813228559,150.80341346826643,25.587770282865804,0.1197339558407447,0.0344268748169493,94.54326192460417,17.84140654477449
"CyclinD1/1. WT, Chow/ASV54/CyclinD1_ASV54_1.vmic.20020.tif  Snapshot 2.tif",0.0445745964255928,0.0157505220009014,150.2393762333873,28.90491688214989,0.1255499310781837,0.0400931751470145,87.27194958312602,19.01563793670551
"CyclinD1/1. WT, Chow/ASV54/CyclinD1_ASV54_1.vmic.20020.tif  Snapshot 3.tif",0.0447084653604506,0.0165059492497382,155.07430021266964,30.513821606224187,0.1317646874449436,0.039374330566407,86.6347995530231,18.183284421800195
"CyclinD1/1. WT, Chow/ASV59/CyclinD1_ASV59_1.vmic.20020.tif Snapshot 1.tif",0.0504476965802736,0.017784221023311,152.39517064404163,30.08082553272878,0.1536720217385588,0.050685700245024,76.7549972521724,17.24341503015144
"CyclinD1/1. WT, Chow/ASV59/CyclinD1_ASV59_1.vmic.20020.tif Snapshot 2.tif",0.0506723034143679,0.0177666699854787,149.76323504364336,29.22306069505978,0.1507249098432739,0.0453008287824384,77.83405483405484,16.602336923627625
"CyclinD1/1. WT, Chow/ASV59/CyclinD1_ASV59_1.vmic.20020.tif Snapshot 3.tif",0.048910483380048,0.016073068965548,153.13446985690527,28.50053800091348,0.1428657634153201,0.0465812702838685,79.9510573650948,17.663242842024385
"CyclinD1/1. WT, Chow/ASV59/CyclinD1_ASV59_1.vmic.20020.tif Snapshot 4.tif",0.0508052085534619,0.0179105521493757,149.68921981742375,29.334207827402263,0.1516426316847951,0.0527132738247532,77.28742232673324,17.30470749028098
"CyclinD1/1. WT, Chow/NK37/CyclinD1 NK37_1.vmic.18820.tif Snapshot 1.tif",0.0233539773127873,0.0053964781251408,196.20704811470057,19.04017249083156,0.0939065545874588,0.0356586192150713,98.15202905061396,25.07419211686434
"CyclinD1/1. WT, Chow/NK37/CyclinD1 NK37_1.vmic.18820.tif Snapshot 2.tif",0.0261090508206623,0.0058515279319781,194.55767783810663,17.909872175586518,0.1048193603813039,0.0380408942586935,97.24777213841725,25.053851229278465
"CyclinD1/1. WT, Chow/NK37/CyclinD1 NK37_1.vmic.18820.tif Snapshot 3.tif",0.0210755512989326,0.0055308588867189,202.1296504414736,18.199524772380578,0.1022620806274545,0.0432371997433534,98.71240488905318,26.62492045167395
"CyclinD1/1. WT, Chow/NK41/CyclinD1_NK41_2.vmic.18980.tif Snapshot 1.tif",0.0349382827410294,0.0049919379168136,183.293793380204,12.493550618340466,0.0553368233215056,0.0123864519697899,159.02315207035213,17.253154794467516
"CyclinD1/1. WT, Chow/NK41/CyclinD1_NK41_2.vmic.18980.tif Snapshot 2.tif",0.0428452132454054,0.0061270345480859,176.150278870849,11.869358206947,0.0648684048401919,0.0138684363322437,152.12221003984197,15.25412456065111
"CyclinD1/1. WT, Chow/NK41/CyclinD1_NK41_2.vmic.18980.tif Snapshot 3.tif",0.0356802962216474,0.0051883445669723,182.8223995899256,12.916236626793076,0.0544107646984046,0.0120157429207308,161.3292999921675,15.669927577646826
"CyclinD1/1. WT, Chow/NK42/CyclinD1_NK42_1.vmic.18980.tif Snapshot 1.tif",0.0496179343914647,0.0063435250995814,174.56583704217803,10.145288934946764,0.0736262279748652,0.0152117947128295,149.497509160091,14.667844948864309
"CyclinD1/1. WT, Chow/NK42/CyclinD1_NK42_1.vmic.18980.tif Snapshot 2.tif",0.0463482292467446,0.0054198315717242,177.57815930559107,9.46974122157145,0.0682069940917509,0.0156146244354507,153.72095264628837,15.71097337472128
"CyclinD1/1. WT, Chow/NK42/CyclinD1_NK42_1.vmic.18980.tif Snapshot 3.tif",0.0494550619937123,0.0057893732169856,174.51719306482786,9.555674183894508,0.0746239282450554,0.018684082068746,147.785936270865,17.458147435128378
"CyclinD1/1. WT, Chow/NK42/CyclinD1_NK42_1.vmic.18980.tif Snapshot 4.tif",0.0453075817596423,0.0059222304161406,178.76505695696997,10.564357764037734,0.0673604939614706,0.0155181697414165,155.06644151640617,15.56757264662437
"CyclinD1/1. WT, Chow/NK43/CyclinD1_NK43_1.vmic.18980.tif  Snapshot 1.tif",0.0305652008414017,0.0037438587929107,191.54026117468047,10.55849027501482,0.0453253026715339,0.0107471045472322,171.82822814411523,16.9758344510518
"CyclinD1/1. WT, Chow/NK43/CyclinD1_NK43_1.vmic.18980.tif  Snapshot 2.tif",0.0269661399567462,0.0033484702796788,194.2342867617607,11.14818292555938,0.0405870342698717,0.0111595432617141,174.1355502485053,19.18241976561429
"CyclinD1/1. WT, Chow/NK43/CyclinD1_NK43_1.vmic.18980.tif  Snapshot 3.tif",0.0270130715387913,0.0044768606080432,196.81879967472,12.004790655024951,0.0440487008847487,0.0111875111747808,175.8414236547044,16.508359016547853
"CyclinD1/1. WT, Chow/NK43/CyclinD1_NK43_1.vmic.18980.tif  Snapshot 4.tif",0.0314887468594961,0.0047237770976991,192.6267863352,11.60307925309576,0.0472307446844405,0.0106184095093411,172.78429193353296,15.151614471151095
"CyclinD1/1. WT, Chow/NK52/CyclinD1 NK52_1.vmic.18820.tif Snapshot 1.tif",0.0238437699140573,0.006124418924912,185.43317741855955,26.557279225813843,0.0822323782596153,0.0296338344104997,100.27040822210382,22.652756247588183
"CyclinD1/1. WT, Chow/NK52/CyclinD1 NK52_1.vmic.18820.tif Snapshot 2.tif",0.0200402566427657,0.0043956865822896,181.87661944945145,29.51812201051659,0.0554317026073857,0.0205115748723965,106.97330194543804,22.86667860523732
"CyclinD1/1. WT, Chow/NK52/CyclinD1 NK52_1.vmic.18820.tif Snapshot 3.tif",0.0198223750501405,0.0049628603938349,185.985112548985,28.40940886213349,0.0612439481810498,0.0234580362564705,111.50593668634173,22.887150460955848
"CyclinD1/1. WT, Chow/NK52/CyclinD1 NK52_1.vmic.18820.tif Snapshot 4.tif",0.0256436268257119,0.0056630343773384,178.89796004285148,23.70722916498197,0.0775197306711489,0.0279862539180023,100.29193785821568,21.98685768031936
"CyclinD1/1. WT, Chow/NK53/CyclinD1_NK53_1.vmic.18980.tif Snapshot 1.tif",0.0642918791541688,0.011890702235013,150.6795309352132,17.030825537816575,0.1542690367683676,0.052990794154604,77.83854042114413,20.18313139427851
"CyclinD1/1. WT, Chow/NK53/CyclinD1_NK53_1.vmic.18980.tif Snapshot 2.tif",0.0573456154203283,0.0110369440290569,157.8576321647222,17.09249660389964,0.1455426635054824,0.0476308263279871,80.63314752103857,19.315900856367065
"CyclinD1/1. WT, Chow/NK53/CyclinD1_NK53_1.vmic.18980.tif Snapshot 3.tif",0.0567116749012398,0.0108779496638244,159.00187987329184,16.95547682829406,0.1488330963607324,0.048041160825375,79.7255464771073,19.56960178292104
"CyclinD1/1. WT, Chow/NK53/CyclinD1_NK53_1.vmic.18980.tif Snapshot 4.tif",0.0506844730492245,0.0101066515751032,165.95148595256603,16.82795729760528,0.1321198567355312,0.044137235484038,88.583417723903,20.993563415385115
"CyclinD1/1. WT, Chow/NK55/CyclinD1 NK55_2.vmic.18820.tif Snapshot 1.tif",0.0422268767710389,0.0124165119015114,146.17069075603058,32.97932215027122,0.1136727398577998,0.0327637287510379,72.70248045724473,16.922548324385524
"CyclinD1/1. WT, Chow/NK55/CyclinD1 NK55_2.vmic.18820.tif Snapshot 2.tif",0.0511556880375931,0.0140904774463679,118.74439533754254,30.00998269899656,0.1205948763670803,0.032225484645941,65.61875548361208,14.79057044871895
"CyclinD1/1. WT, Chow/NK55/CyclinD1 NK55_2.vmic.18820.tif Snapshot 3.tif",0.045274164206964,0.0134930001224364,139.9565534445672,33.8424381327133,0.1220038949890808,0.037311776669341,69.3308540140795,17.333696185843245
"CyclinD1/1. WT, Chow/NK55/CyclinD1 NK55_2.vmic.18820.tif Snapshot 4.tif",0.0463127874356721,0.0138339022628534,141.93439910501502,32.25719352927985,0.1206055404886949,0.0355854455937615,76.10395768462266,17.208221124027194
"CyclinD1/2. KO, Chow/ASV51/CyclinD1_ASV51_1.vmic.13300.tif Snapshot 1.tif",0.0260658539773812,0.0096809552179169,128.1131643281346,36.1974734434919,0.0795607709796773,0.029231114104393,63.31789124658833,22.671304981691183
"CyclinD1/2. KO, Chow/ASV51/CyclinD1_ASV51_1.vmic.13300.tif Snapshot 2.tif",0.008855589644943,0.0032724049534294,187.56163160978667,23.345168912569765,0.0535300980875481,0.0252953731961784,82.55216748692234,27.60775404547851
"CyclinD1/2. KO, Chow/ASV51/CyclinD1_ASV51_1.vmic.13300.tif Snapshot 3.tif",0.0086454521183777,0.0029080718793502,181.93778973866344,21.961045089276816,0.047645325447306,0.0236119012931468,84.80466125878314,28.218825216133563
"CyclinD1/2. KO, Chow/ASV51/CyclinD1_ASV51_1.vmic.13300.tif Snapshot 4.tif",0.0072603947254388,0.0025488454017004,185.69512404722147,23.73337774240608,0.0410169798754682,0.0197598198823001,85.67950425024846,28.152845693991573
"CyclinD1/2. KO, Chow/ASV52/CyclinD1_ASV52_2.vmic.20020.tif  Snapshot 1.tif",0.0081103110814575,0.0021530930382055,220.98853413140205,18.910563588694405,0.025015575062139,0.009093878581588,161.7131032106582,21.55145254509448
"CyclinD1/2. KO, Chow/ASV52/CyclinD1_ASV52_2.vmic.20020.tif  Snapshot 2.tif",0.0090319640707838,0.0026750739863552,218.96554879985223,20.324349707997595,0.0313652254341369,0.0119322735360243,158.01292423251422,22.07933812768012
"CyclinD1/2. KO, Chow/ASV52/CyclinD1_ASV52_2.vmic.20020.tif  Snapshot 3.tif",0.012714591184931,0.0040256146768924,208.26600359716127,23.481697924734068,0.0468394281042136,0.0190398702489355,138.11493769557205,25.707575713639905
"CyclinD1/2. KO, Chow/ASV52/CyclinD1_ASV52_2.vmic.20020.tif  Snapshot 4.tif",0.0106499132885156,0.0024730043335635,215.18079473474745,18.99056092272318,0.0298859820360365,0.0115317883137686,154.75403024664237,22.395297502172912
"CyclinD1/2. KO, Chow/ASV53/CyclinD1_ASV53_1.vmic.20020.tif  Snapshot 1.tif",0.011431071163369,0.0041904240431756,216.79333360628664,22.39896512082457,0.0475028045671283,0.0185755207800345,149.018261149059,21.7317087315393
"CyclinD1/2. KO, Chow/ASV53/CyclinD1_ASV53_1.vmic.20020.tif  Snapshot 2.tif",0.0167234710748962,0.0063403976410417,193.15122599093104,24.978513819277705,0.0532977099068605,0.0210030477777141,146.6675549446133,23.22202876564937
"CyclinD1/2. KO, Chow/ASV53/CyclinD1_ASV53_1.vmic.20020.tif  Snapshot 3.tif",0.0074851817010101,0.0026274323182485,225.56167334327247,18.85696163947989,0.0329631071586033,0.0165634666582645,165.96482495646808,24.081564103391464
"CyclinD1/2. KO, Chow/ASV53/CyclinD1_ASV53_1.vmic.20020.tif  Snapshot 4.tif",0.0081835960586968,0.0026851963245971,223.47238025956807,19.47116693330594,0.0325862949334108,0.0167280724618495,162.67764849250406,23.88342731667608
"CyclinD1/2. KO, Chow/ASV56/CyclinD1_ASV56_1.vmic.20020.tif  Snapshot 1.tif",0.0401144990660929,0.0131178055958931,157.07898578752577,24.765529274144377,0.1043641064981988,0.0326945197724409,101.52308026935488,22.60702706944885
"CyclinD1/2. KO, Chow/ASV56/CyclinD1_ASV56_1.vmic.20020.tif  Snapshot 2.tif",0.0368887175222178,0.0120072471866054,158.22293842282784,25.58528379687253,0.0969665683682182,0.0272335676368413,104.07577753344724,19.05300138995776
"CyclinD1/2. KO, Chow/ASV56/CyclinD1_ASV56_1.vmic.20020.tif  Snapshot 3.tif",0.0210764473667194,0.0073230065420287,197.2496198735549,26.391933295762847,0.0736312674132678,0.0249151544723012,120.699513477331,21.819855718010565
"CyclinD1/2. KO, Chow/ASV56/CyclinD1_ASV56_1.vmic.20020.tif  Snapshot 4.tif",0.0283917636433776,0.010513073961718,180.0312348335777,28.139297601164376,0.0964538705396557,0.0318089396188603,105.33799523463227,21.022242438895145
"CyclinD1/2. KO, Chow/ASV63/CyclinD1 ASV63_1.vmic.18820.tif Snapshot 1.tif",0.0459732755987215,0.0146286963813814,151.06873222948127,32.63068050762756,0.1466004963012674,0.0485009200742215,65.75117578688659,16.617180641063435
"CyclinD1/2. KO, Chow/ASV63/CyclinD1 ASV63_2.vmic.18820.tif Snapshot 1.tif",0.0399374287462608,0.0134708404435802,167.22097326656836,26.53196676547491,0.1508216726817337,0.0536744231222194,64.62503020523972,18.69207889556993
"CyclinD1/2. KO, Chow/NK38/CyclinD1_NK38_1.vmic.18980.tif Snapshot 1.tif",0.0427941781676874,0.0056712200764332,178.7429970728917,13.316020533408162,0.0619109726115671,0.0121150465591423,158.07237231675472,15.466361090575605
"CyclinD1/2. KO, Chow/NK40/CyclinD1_NK40_1.vmic.18980.tif Snapshot 1.tif",0.0365110463368687,0.0063354325648731,180.9451525473245,14.76328047071389,0.0839292536245842,0.0267115511066413,120.1130381280163,23.47037542167537
"CyclinD1/2. KO, Chow/NK40/CyclinD1_NK40_1.vmic.18980.tif Snapshot 2.tif",0.0354737153143652,0.0063750557814289,183.0598670035989,14.20394858579986,0.0906389918678466,0.0304617478070457,113.8324266214018,21.93470814141854
"CyclinD1/2. KO, Chow/NK40/CyclinD1_NK40_1.vmic.18980.tif Snapshot 3.tif",0.0412837626389076,0.0072248408126035,179.26319763371893,13.440112858406309,0.0980216762472006,0.0315402685894844,115.11005048329709,22.582074223066986
"CyclinD1/2. KO, Chow/NK40/CyclinD1_NK40_1.vmic.18980.tif Snapshot 4.tif",0.0345376291665013,0.0064780462026309,185.1930254378327,14.486798898856067,0.0757528048112775,0.0276996591206216,130.87127056280264,25.97515840445779
"CyclinD1/2. KO, Chow/NK44/CyclinD1_NK44_1.vmic.18980.tif Snapshot 1.tif",0.0391559868507271,0.0058869912891437,178.81202351935968,12.593634693534309,0.0684988697843883,0.0207089703306547,144.06817092412768,22.416461904779933
"CyclinD1/2. KO, Chow/NK44/CyclinD1_NK44_1.vmic.18980.tif Snapshot 2.tif",0.0380659206795898,0.0060446951439548,178.88771589860744,13.274689438228474,0.0717408042488279,0.0233815636076908,135.19592891654045,25.19364880598088
"CyclinD1/2. KO, Chow/NK44/CyclinD1_NK44_1.vmic.18980.tif Snapshot 3.tif",0.0263340755502183,0.0042985450342146,188.388246888436,15.73443039339772,0.0444907480190655,0.0131834619158304,164.27873637255584,22.94328187995276
"CyclinD1/2. KO, Chow/NK56/CyclinD1_NK56_1.vmic.18980.tif Snapshot 1.tif",0.0347899429404963,0.0065605732706566,186.3503626674786,14.771204198818635,0.0831667443460395,0.0263976308685282,118.28568913219206,22.108499376521312
"CyclinD1/2. KO, Chow/NK56/CyclinD1_NK56_1.vmic.18980.tif Snapshot 2.tif",0.0356962958954874,0.0058052215678551,186.7985178297781,13.181031937616122,0.0567661194121695,0.0152872005030325,159.68414046786137,20.76011040833274
"CyclinD1/2. KO, Chow/NK56/CyclinD1_NK56_1.vmic.18980.tif Snapshot 3.tif",0.0428874864919283,0.0069779062453076,179.08592997931945,12.922403488398318,0.0828175056064809,0.0236885419568951,127.29017792732309,23.061294736694688
"CyclinD1/3. WT, WD/NK3/CyclinD1_NK3_1.vmic.18980.tif Snapshot 1.tif",0.0596415433364011,0.0120825379968495,163.20069641677753,15.249887025723751,0.1486679309479752,0.0435765308764573,92.33601130131596,18.75126509837186
"CyclinD1/3. WT, WD/NK3/CyclinD1_NK3_1.vmic.18980.tif Snapshot 2.tif",0.0603838524360553,0.0122985589042677,161.79409070503976,15.401539103875855,0.144096875512566,0.0390654062537321,94.20871563711368,18.634426968717825
"CyclinD1/3. WT, WD/NK3/CyclinD1_NK3_1.vmic.18980.tif Snapshot 3.tif",0.0588909600958506,0.011157489605918,162.8615033337781,14.537947067284405,0.1371954079995909,0.0361209869365491,97.57306911978466,18.10446170818837
"CyclinD1/3. WT, WD/NK3/CyclinD1_NK3_1.vmic.18980.tif Snapshot 4.tif",0.0581885950839508,0.0110373592812797,162.67226439534392,15.170477275452024,0.1335402240897728,0.0359911906591863,98.1951297002829,18.760948968671155
"CyclinD1/3. WT, WD/NK4/CyclinD1_NK4_1.vmic.18980.tif Snapshot 1.tif",0.0360890428720898,0.0080902429019698,179.87782408819248,18.94468912078612,0.0889319380152229,0.0265916905656363,115.65657032488151,20.010647721348167
"CyclinD1/3. WT, WD/NK4/CyclinD1_NK4_1.vmic.18980.tif Snapshot 2.tif",0.0337721364004071,0.0070650693192901,179.73499427520838,18.80386694310307,0.0804942358075372,0.0233276150315253,119.5552997746472,20.08291879010191
"CyclinD1/3. WT, WD/NK4/CyclinD1_NK4_1.vmic.18980.tif Snapshot 3.tif",0.040022407102068,0.0085493980335429,173.23639005178825,17.577028502321678,0.0953921772097762,0.0276360916476853,112.3133864929799,19.475702467291168
"CyclinD1/3. WT, WD/NK4/CyclinD1_NK4_1.vmic.18980.tif Snapshot 4.tif",0.0409814329772324,0.0091633112693738,172.98142677191174,17.887557349879597,0.101067206290612,0.0297908543985548,107.88577841276124,19.499983284677235
"CyclinD1/3. WT, WD/TY117/CyclinD1_TY117_1.vmic.20020.tif Snapshot 1.tif",0.042228226820857,0.0132486601687895,139.0556585155011,26.341882049181848,0.1016987751909738,0.0265297755773606,91.47033768357926,16.84883894767905
"CyclinD1/3. WT, WD/TY117/CyclinD1_TY117_1.vmic.20020.tif Snapshot 2.tif",0.0415700355735573,0.013154253090984,141.91779064490353,26.00469297068695,0.1002386914595165,0.0262461411975266,94.07471376740752,16.915182091887207
"CyclinD1/3. WT, WD/TY117/CyclinD1_TY117_1.vmic.20020.tif Snapshot 3.tif",0.0423069463133167,0.0125898009082342,141.27447526943698,23.93136102297068,0.0977046378199039,0.0261700022383549,95.48526660683196,17.64444290230215
"CyclinD1/3. WT, WD/TY117/CyclinD1_TY117_1.vmic.20020.tif Snapshot 4.tif",0.0413344313441076,0.0130974856270081,143.25958014527748,25.617860654270377,0.1007391442663225,0.0261847461755859,93.16689987632368,16.640809602897953
"CyclinD1/3. WT, WD/TY166/CyclinD1_TY166_1.vmic.20020.tif Snapshot 1.tif",0.0884028963125298,0.0283258779535171,107.33098770329237,30.975804455812963,0.2351952593652624,0.0990267179468334,45.240144996273465,12.970131069157365
"CyclinD1/3. WT, WD/TY166/CyclinD1_TY166_1.vmic.20020.tif Snapshot 2.tif",0.0892941050430712,0.027276996511276,102.39411995492492,27.8387447837884,0.2215188840128149,0.091413937183056,46.56876202971922,12.56985090507937
"CyclinD1/3. WT, WD/TY166/CyclinD1_TY166_1.vmic.20020.tif Snapshot 3.tif",0.0776959946507437,0.0263983018839989,118.04720826091618,35.21782426483208,0.2185401459114463,0.0867603493528601,47.60592082061204,13.69131870037722
"CyclinD1/3. WT, WD/TY166/CyclinD1_TY166_2.vmic.20020.tif Snapshot 1.tif",0.0633919819436178,0.0208616733301389,122.771623271981,28.12601864939804,0.1633217257086684,0.0421286127331026,65.19985661588214,14.1110676358506
"CyclinD1/3. WT, WD/TY166/CyclinD1_TY166_2.vmic.20020.tif Snapshot 2.tif",0.05672135096303,0.0174530529361038,127.42351143429237,25.91482877012,0.1414091337403115,0.0359166451408012,72.64836749960584,15.509971033169826
"CyclinD1/3. WT, WD/TY166/CyclinD1_TY166_2.vmic.20020.tif Snapshot 3.tif",0.0612128340187662,0.0184330433217845,123.48942495241224,25.31418247162849,0.1461860059944058,0.0353214007691189,71.39451696594556,14.513363604021162
"CyclinD1/3. WT, WD/TY166/CyclinD1_TY166_2.vmic.20020.tif Snapshot 4.tif",0.0631398525640497,0.0194443310886834,125.56271338497642,24.852941265937915,0.1527724082182667,0.0372657638824712,72.88636919637189,14.060497234902634
"CyclinD1/3. WT, WD/TY51/CyclinD1_TY51_1.vmic.20020.tif Snapshot 1.tif",0.0319755942828156,0.0118651876847617,157.95287915175695,27.080359535694217,0.0958113419591166,0.0312442305128203,103.67072463768116,22.438643557246834
"CyclinD1/3. WT, WD/TY51/CyclinD1_TY51_1.vmic.20020.tif Snapshot 2.tif",0.0299821563069186,0.0112003628813855,162.02782869301012,27.35705892255428,0.0918826676950262,0.0309010827597624,105.8750102832698,23.09834919950625
"CyclinD1/3. WT, WD/TY51/CyclinD1_TY51_1.vmic.20020.tif Snapshot 3.tif",0.0291657032753271,0.010537903318994,159.28402167212795,25.85036955599965,0.0875386364923426,0.0281646273769379,107.60555725745148,22.05067743478576
"CyclinD1/3. WT, WD/TY51/CyclinD1_TY51_1.vmic.20020.tif Snapshot 4.tif",0.0312326707911619,0.0117152915730545,160.9870467260757,29.885026857860343,0.0971386926422291,0.0294328582706562,101.9857302066042,19.307490380564165
"CyclinD1/4. KO, WD/NK1/CyclinD1_NK1_1.vmic.18980.tif Snapshot 1.tif",0.0360396404761651,0.0061534639250665,179.0149749870425,16.06758971364679,0.062515107945077,0.0183069995147397,143.6136826060203,22.729327551236004
"CyclinD1/4. KO, WD/NK1/CyclinD1_NK1_1.vmic.18980.tif Snapshot 2.tif",0.0361724329808946,0.0061008871545851,178.12752428628684,15.966875732683365,0.0645308416724738,0.0184581650128028,139.64291481309965,23.224941596122147
"CyclinD1/4. KO, WD/NK1/CyclinD1_NK1_1.vmic.18980.tif Snapshot 3.tif",0.0404717868175797,0.0060197284659689,175.19262287556873,15.698700787103787,0.064721683973688,0.0153998037257445,146.52138565753597,19.523606718385288
"CyclinD1/4. KO, WD/NK1/CyclinD1_NK1_1.vmic.18980.tif Snapshot 4.tif",0.0498437877560703,0.008587844371183,165.22660940796194,16.03546487903865,0.0920816368657342,0.025908283420109,120.55599923540606,21.434087565368632
"CyclinD1/4. KO, WD/NK2/CyclinD1_NK2_1.vmic.18980.tif Snapshot 1.tif",0.0421716929090647,0.0057464416214098,175.00197202545843,14.59491461884228,0.064410967472293,0.0138024918123991,150.17491896935786,18.346601977120788
"CyclinD1/4. KO, WD/NK2/CyclinD1_NK2_1.vmic.18980.tif Snapshot 2.tif",0.0360310423654902,0.0057803991869169,182.8336709050268,15.089322278982136,0.0574536798589054,0.0122579725941678,158.71044770883967,17.673000025499892
"CyclinD1/4. KO, WD/NK2/CyclinD1_NK2_1.vmic.18980.tif Snapshot 3.tif",0.0390534692421764,0.0061603156645403,180.66007047301,14.898029271582908,0.0615217409879276,0.0122858148460961,156.0667821329417,16.73509810987165
"CyclinD1/4. KO, WD/NK2/CyclinD1_NK2_1.vmic.18980.tif Snapshot 4.tif",0.0416065271278677,0.0068175676809441,178.7328601242057,14.545652548129798,0.0671860216628299,0.0151326165532136,150.97832470333248,17.337602389919486
"CyclinD1/4. KO, WD/TY165/CyclinD1_TY165_1.vmic.20020.tif Snapshot 1.tif",0.0355844796072036,0.010303750512326,148.58243627744417,25.89916667577113,0.087218359963748,0.0260793574386846,103.03676910474825,19.86910662052252
"CyclinD1/4. KO, WD/TY165/CyclinD1_TY165_1.vmic.20020.tif Snapshot 2.tif",0.0386082443252815,0.0121614921650944,154.89101816620558,27.55283733878112,0.1027980120847297,0.032216653866616,98.56693110516515,19.44871892671198
"CyclinD1/4. KO, WD/TY165/CyclinD1_TY165_1.vmic.20020.tif Snapshot 3.tif",0.0462023387236142,0.0144026269473842,146.68613417825395,28.17888886455904,0.1208982931883351,0.0353121567620911,87.77801651303898,18.400012623826168
"CyclinD1/4. KO, WD/TY165/CyclinD1_TY165_1.vmic.20020.tif Snapshot 4.tif",0.0319543648659713,0.010918093952668,170.0903719825487,30.172584455505728,0.0962312572148378,0.03243407397066,103.80589508336638,20.48972170433822
"CyclinD1/4. KO, WD/TY52/CyclinD1_TY52_1.vmic.20020.tif Snapshot 1.tif",0.0129018124993353,0.0036549660238822,203.4595982162562,26.361267381987343,0.0663404910267871,0.0298743283846682,108.9582260603972,27.167794872440552
"CyclinD1/4. KO, WD/TY52/CyclinD1_TY52_1.vmic.20020.tif Snapshot 2.tif",0.0128923176824671,0.0037471817077677,204.11274659794248,26.031546192511808,0.066802241132518,0.0303784355808911,110.68589514916238,27.417530383294505
"Cyp1a2/1. WT, Chow/ASV57/Cyp1a2_ASV57_2.vmic.18820.tif Snapshot 1.tif",0.0141965614469433,0.0023233196227545,177.05756904872652,17.587969908468388,0.0235322804482247,0.005502689212634,161.90305862829032,14.970880810017873
"Cyp1a2/1. WT, Chow/ASV57/Cyp1a2_ASV57_2.vmic.18820.tif Snapshot 2.tif",0.0149762277124621,0.0027251865253296,174.6325534206739,18.608497111488703,0.0252996072721292,0.0058990772205907,157.5642741312928,14.87725336698102
"Cyp1a2/1. WT, Chow/NK41/Cyp1a2_NK41_1.vmic.18980.tif Snapshot 1.tif",0.0566987664590904,0.0108780542573853,162.04179604602317,15.698680053898348,0.0972865879980311,0.0212131206502581,126.60517900116848,15.851726970340856
"Cyp1a2/1. WT, Chow/NK41/Cyp1a2_NK41_1.vmic.18980.tif Snapshot 2.tif",0.0543063845666463,0.009568453100993,164.32177510591228,14.810629121882846,0.0880412859922097,0.015259168105161,133.16874195316117,13.484542452244076
"Cyp1a2/1. WT, Chow/NK41/Cyp1a2_NK41_1.vmic.18980.tif Snapshot 3.tif",0.0557648656214814,0.0098154294266211,164.0875302090087,14.575090614924342,0.0910293549661765,0.0170865240330763,132.4895649470423,13.963839541700656
"Cyp1a2/1. WT, Chow/NK42/Cyp1a2_NK42_1.vmic.18980.tif Snapshot 1.tif",0.0550314458292344,0.0101143240396802,164.70414271865323,14.330335301365958,0.0956946170610929,0.0204055696705598,128.7890763177221,15.815716137141315
"Cyp1a2/1. WT, Chow/NK42/Cyp1a2_NK42_1.vmic.18980.tif Snapshot 2.tif",0.0494930140347206,0.0085730642370321,167.51266495746108,15.179080894322109,0.0827864190981906,0.0168091228872234,135.90696689325443,15.048952837284428
"Cyp1a2/1. WT, Chow/NK42/Cyp1a2_NK42_1.vmic.18980.tif Snapshot 3.tif",0.05185289086545,0.0092386263145724,164.0989400526278,14.83607951702539,0.0883428001397586,0.0170157867001911,131.33613486118048,14.294744893493627
"Cyp1a2/1. WT, Chow/NK43/Cyp1a2_NK43_1.vmic.18980.tif Snapshot 1.tif",0.0487596066723668,0.0081253898847547,169.49211727355106,13.485081993982442,0.0789622639418367,0.0139361779726636,140.68591995700993,12.771700733909425
"Cyp1a2/1. WT, Chow/NK43/Cyp1a2_NK43_1.vmic.18980.tif Snapshot 2.tif",0.0416905876061115,0.006632046867764,176.83442881474815,12.903178337192244,0.0651943150466863,0.0107944052832424,152.36951563295986,11.477821269596674
"Cyp1a2/1. WT, Chow/NK43/Cyp1a2_NK43_1.vmic.18980.tif Snapshot 3.tif",0.0384911496811526,0.0075599516377026,179.5665814147724,14.868620142944918,0.0683973305243882,0.0175114276074562,149.52370160405863,16.07352335817398
"Cyp1a2/1. WT, Chow/NK53/Cyp1a2_NK53_1.vmic.18980.tif Snapshot 1.tif",0.0502696459173432,0.007355511469836,167.11685538933182,14.7505608876455,0.0785519210120005,0.0146474273595551,142.8879383344669,13.10703750855633
"Cyp1a2/1. WT, Chow/NK53/Cyp1a2_NK53_1.vmic.18980.tif Snapshot 2.tif",0.0502350323536792,0.0073543676008787,165.04553398127948,15.765144805261633,0.0785175425639766,0.0126379177529562,140.57144286243334,12.951074658244488
"Cyp1a2/1. WT, Chow/NK53/Cyp1a2_NK53_1.vmic.18980.tif Snapshot 3.tif",0.0438636420888594,0.0083518647394662,170.6735415466398,17.682592890374607,0.07706512352011,0.014233082456978,142.65995874648834,14.251107190511586
"Cyp1a2/1. WT, Chow/NK53/Cyp1a2_NK53_1.vmic.18980.tif Snapshot 4.tif",0.0490474700672275,0.0078799792245214,167.3366998206107,15.650158407692755,0.0784469637275495,0.013494746617171,141.93054617901086,12.864203963102156
"Cyp1a2/2. KO, Chow/ASV51/Cyp1a2_ASV51_1.vmic.13300.tif Snapshot 1.tif",0.0235932884860316,0.0042943120500876,163.90667122355055,20.560036809730896,0.0390752493332478,0.0074181920586882,143.9351052289564,15.790828050869653
"Cyp1a2/2. KO, Chow/ASV51/Cyp1a2_ASV51_1.vmic.13300.tif Snapshot 2.tif",0.0262248004143187,0.0050346179618318,159.05086583825027,20.618525632661687,0.0439465918518223,0.008310716624659,136.7425258647791,16.121470121749258
"Cyp1a2/2. KO, Chow/ASV51/Cyp1a2_ASV51_1.vmic.13300.tif Snapshot 3.tif",0.0281615806682116,0.0054064510600405,156.55996571274338,20.24989530893452,0.0482657575207539,0.0101917940034106,132.19266944934108,16.436278954651826
"Cyp1a2/2. KO, Chow/ASV51/Cyp1a2_ASV51_1.vmic.13300.tif Snapshot 4.tif",0.0259989036378572,0.0050020249534793,153.1792700702507,20.756324468252465,0.0449209895407028,0.0093751687877282,129.84103352872432,17.09742805353913
"Cyp1a2/2. KO, Chow/NK38/Cyp1a2_NK38_1.vmic.18980.tif Snapshot 1.tif",0.0629479925424799,0.0087144461478072,159.69331624694533,12.182997184671638,0.0936647103121099,0.0144187727423337,132.7152318643693,12.256127804883723
"Cyp1a2/2. KO, Chow/NK38/Cyp1a2_NK38_1.vmic.18980.tif Snapshot 2.tif",0.066635648466026,0.012853297313899,156.95780216723028,14.77691254280252,0.1166868958861293,0.0355380220917079,118.1104905091632,17.31685504074538
"Cyp1a2/2. KO, Chow/NK38/Cyp1a2_NK38_2.vmic.18980.tif Snapshot 1.tif",0.0536522723099342,0.0093534237478273,167.17949796139916,14.434302062929044,0.0874918744446401,0.0159888503818931,134.9006952531457,14.076640601813969
"Cyp1a2/2. KO, Chow/NK38/Cyp1a2_NK38_2.vmic.18980.tif Snapshot 2.tif",0.0605414815588879,0.0096388115399004,161.65721357605165,13.601587332280635,0.0957518337414461,0.0181150338000377,130.34711268663938,14.112013151616669
"Cyp1a2/2. KO, Chow/NK40/Cyp1a2_NK40_1.vmic.18980.tif Snapshot 1.tif",0.0609578895200376,0.0101247720798425,150.53463700103129,17.517496081362268,0.0969945710211079,0.0202822862475849,123.13465475949282,16.032672882587796
"Cyp1a2/2. KO, Chow/NK40/Cyp1a2_NK40_1.vmic.18980.tif Snapshot 2.tif",0.056603008465969,0.0079835515171886,156.15732616425066,16.06185774159954,0.0853269658255783,0.0138893301490571,134.75021697201507,13.113967780942987
"Cyp1a2/2. KO, Chow/NK40/Cyp1a2_NK40_1.vmic.18980.tif Snapshot 3.tif",0.0674444756041776,0.0101203010820186,144.4096634907272,16.569726155010052,0.1034928245271989,0.0219358229489662,117.74812239617768,15.213888380682606
"Cyp1a2/2. KO, Chow/NK44/Cyp1a2_NK44_1.vmic.18980.tif Snapshot 1.tif",0.0656150805641203,0.0116885217595278,157.33816408842543,13.869347796945952,0.1055705964024136,0.0190634191070384,123.75934286246708,13.345377140322364
"Cyp1a2/2. KO, Chow/NK44/Cyp1a2_NK44_1.vmic.18980.tif Snapshot 2.tif",0.0653685628761948,0.0116737057549341,156.03752006401564,14.227323154485433,0.1063367391196728,0.0218176661900101,121.96128774409108,14.513259629524674
"Cyp1a2/2. KO, Chow/NK44/Cyp1a2_NK44_1.vmic.18980.tif Snapshot 3.tif",0.0684776969006154,0.0100053697141459,154.5388339017672,12.307412737644144,0.1049991483499054,0.0175958939805313,123.46493684387303,12.59271707231856
"Cyp1a2/2. KO, Chow/NK44/Cyp1a2_NK44_1.vmic.18980.tif Snapshot 4.tif",0.0667718149169466,0.009858307194544,154.98945906048928,12.618814803279175,0.1042331122176659,0.0273419158109304,123.53845953365388,13.945042561479298
"Cyp1a2/2. KO, Chow/NK56/Cyp1a2_NK56_1.vmic.18980.tif Snapshot 1.tif",0.0616703644619449,0.0100028218039217,159.14928711710905,13.427930594844453,0.0971824549508954,0.0179204890430875,128.67568682525592,13.979956673679258
"Cyp1a2/2. KO, Chow/NK56/Cyp1a2_NK56_1.vmic.18980.tif Snapshot 1.tif Snapshot 1.tif",0.0549303582421627,0.0081581919712918,166.36981957587923,12.95931109006297,0.0845102566505104,0.0123988509160332,139.25154839093258,11.984513696771703
"Cyp1a2/2. KO, Chow/NK56/Cyp1a2_NK56_1.vmic.18980.tif Snapshot 3.tif",0.0577219395820859,0.008332769953075,163.11880005656326,12.297737102945671,0.0878284171413346,0.014605405969819,135.6087779166501,13.305964450682874
"Cyp1a2/2. KO, Chow/NK56/Cyp1a2_NK56_1.vmic.18980.tif Snapshot 4.tif",0.0523510331198026,0.0077586047016247,168.814922668178,12.856677620527044,0.0810264451936852,0.0128318416771319,142.08873973830427,12.19985995149626
"Cyp1a2/3. WT, WD/NK3/Cyp1a2_NK3_1.vmic.18980.tif Snapshot 1.tif",0.0379306076395601,0.0062129015392756,179.36835861608742,15.403449220142893,0.0634038952726719,0.0142096726899596,154.60890142389016,14.261480073950697
"Cyp1a2/3. WT, WD/NK3/Cyp1a2_NK3_1.vmic.18980.tif Snapshot 2.tif",0.0397461053658896,0.0060837329032746,178.48042461598504,14.450097490765096,0.0643896185362565,0.013259776302855,154.62170734356002,13.458580058463202
"Cyp1a2/3. WT, WD/NK3/Cyp1a2_NK3_1.vmic.18980.tif Snapshot 3.tif",0.0366476173901529,0.0065939587912521,180.4585061158029,17.385320120084767,0.0625449961309988,0.0138949146390372,156.27033142036578,14.646824820267812
"Cyp1a2/3. WT, WD/NK3/Cyp1a2_NK3_1.vmic.18980.tif Snapshot 4.tif",0.0399638527081833,0.0065611126436019,177.1067861985345,15.889709840687807,0.0664637517861683,0.0122849283432863,152.7547304613309,13.215609979984372
"Cyp1a2/3. WT, WD/NK4/Cyp1a2_NK4_1.vmic.18980.tif Snapshot 1.tif",0.045210790903817,0.0091760983644277,173.1733642374234,16.25807520502416,0.0840915933471532,0.0171794989771013,139.09928117217177,14.618466662725435
"Cyp1a2/3. WT, WD/NK4/Cyp1a2_NK4_1.vmic.18980.tif Snapshot 2.tif",0.0397135883353769,0.0078270008505584,178.99220803255736,15.136693738031656,0.074672785461368,0.0202959210932131,146.84365759556502,15.751715593950474
"Cyp1a2/3. WT, WD/NK4/Cyp1a2_NK4_1.vmic.18980.tif Snapshot 3.tif",0.0325940414995381,0.0058729394761166,184.75284330144208,17.400469863299083,0.059921440104616,0.0148044390304817,157.70819633775417,16.180514024854844
"Cyp1a2/3. WT, WD/NK4/Cyp1a2_NK4_1.vmic.18980.tif Snapshot 4.tif",0.0295933819215147,0.0052733715046765,187.86185187923863,18.3186856247273,0.0519030583152634,0.0106869492765245,165.1977647213714,15.334635607479344
"Cyp1a2/4. KO, WD/NK1/Cyp1a2_NK1_1.vmic.18980.tif Snapshot 1.tif",0.0525833143954772,0.0092726599287233,158.12501423397995,18.70137837005971,0.0915652114615157,0.018022500530895,128.20289525422194,15.200940796914695
"Cyp1a2/4. KO, WD/NK1/Cyp1a2_NK1_1.vmic.18980.tif Snapshot 2.tif",0.0483549947314478,0.0089243901928355,161.63614492649398,19.51737994064369,0.08488218156252,0.0165259165584279,132.7375167438948,15.399863284144246
"Cyp1a2/4. KO, WD/NK1/Cyp1a2_NK1_1.vmic.18980.tif Snapshot 3.tif",0.0553605893673903,0.0105433353032225,150.3521820998389,19.96434582288649,0.1038375185062934,0.0221959886216598,118.648460900122,15.901015702760388
"Cyp1a2/4. KO, WD/NK2/Cyp1a2_NK2_1.vmic.18980.tif  Snapshot 3.tif",0.0371805184891779,0.0061427981654821,179.80973421535236,17.215720984348533,0.0608882829863361,0.0119352845413341,156.38934161189465,14.833718816954198
"Cyp1a2/4. KO, WD/NK2/Cyp1a2_NK2_1.vmic.18980.tif Snapshot 1.tif",0.0388643450817714,0.006483681120572,173.65613542952312,19.36226152042143,0.0647034882271408,0.0132772301686229,148.65286107489493,16.932326393719233
"Cyp1a2/4. KO, WD/NK2/Cyp1a2_NK2_1.vmic.18980.tif Snapshot 2.tif",0.0376862929593101,0.0066024795536844,177.60755392029347,17.993170084325417,0.0637493566525975,0.0127091803261363,152.935104135968,14.924928028576812
"Cyp1a2/4. KO, WD/NK2/Cyp1a2_NK2_1.vmic.18980.tif Snapshot 4.tif",0.0390446961226377,0.0064345542528561,178.1752772849256,17.233685998593913,0.0638138209023875,0.0124545692743822,154.96983068905348,14.54773449054098
"Cyp2e1/1. WT, Chow/ASV54/Cyp2e1_ASV54_1.vmic.13300.tif Snapshot 1.tif",0.0177848732412265,0.0035932904749653,171.1994898840772,14.382522088775474,0.0345686571670141,0.0095861289220254,148.11392021084018,14.579227978040056
"Cyp2e1/1. WT, Chow/ASV54/Cyp2e1_ASV54_1.vmic.13300.tif Snapshot 2.tif",0.0113691798906367,0.002484712792511,183.7166308551104,16.058724027803066,0.0230710170961238,0.0076989222441146,165.03726210199005,14.54670700684212
"Cyp2e1/1. WT, Chow/ASV54/Cyp2e1_ASV54_1.vmic.13300.tif Snapshot 3.tif",0.0202909849567206,0.0042687868598242,159.86527853337233,14.323374616885276,0.0414644038251885,0.0118218345690601,134.862781112845,15.700933873025589
"Cyp2e1/1. WT, Chow/ASV54/Cyp2e1_ASV54_1.vmic.13300.tif Snapshot 4.tif",0.0209670176946012,0.004449856535936,163.99054218565985,15.730848269457551,0.040867992330695,0.0108055684908911,137.47704846393304,15.407107540069314
"Cyp2e1/1. WT, Chow/ASV57/Cyp2e1_ASV57_1.vmic.13300.tif Snapshot 1.tif",0.0191777068737614,0.0030670648565267,156.21827590078504,22.295000465416344,0.0320678334848624,0.0073313756894055,138.9729498637002,19.60219345576764
"Cyp2e1/1. WT, Chow/ASV57/Cyp2e1_ASV57_1.vmic.13300.tif Snapshot 2.tif",0.0192446744789357,0.0030727493392327,153.28201646212787,19.161407205935014,0.0323748245538156,0.00757109714743,135.87014166239112,16.130544283694693
"Cyp2e1/1. WT, Chow/ASV57/Cyp2e1_ASV57_1.vmic.13300.tif Snapshot 3.tif",0.0211322627102596,0.0035194341484495,156.0813699827927,18.46023359226803,0.0356100711696425,0.0071251037492981,138.9112713574873,14.849419228012628
"Cyp2e1/1. WT, Chow/ASV57/Cyp2e1_ASV57_1.vmic.13300.tif Snapshot 4.tif",0.0251629818550775,0.0034638578014062,155.123148750738,21.32345194475823,0.0402301004230001,0.0077593450068243,139.09835150781856,17.221690207271983
"Cyp2e1/1. WT, Chow/ASV60/Cyp2e1_ASV60_1.vmic.13300.tif Snapshot 1.tif",0.018266056415029,0.0036791735304841,156.43363078935255,13.33806349553859,0.036012903715201,0.0096673071353293,136.73120790843288,14.654456741462942
"Cyp2e1/1. WT, Chow/ASV60/Cyp2e1_ASV60_1.vmic.13300.tif Snapshot 2.tif",0.0217283907293196,0.0039031719937734,154.8551183223017,13.623912653275772,0.0378608639810255,0.008594181294535,139.07390054339072,12.475306629373405
"Cyp2e1/1. WT, Chow/ASV60/Cyp2e1_ASV60_1.vmic.13300.tif Snapshot 3.tif",0.019828295135773,0.0040849862688438,153.17031559445297,14.283096045256311,0.0399514551262823,0.0097842658561567,132.58381640712315,13.756421184195164
"Cyp2e1/1. WT, Chow/NK41/Cyp2e1_NK41_1.vmic.18980.tif Snapshot 1.tif",0.0226885052618973,0.0039200100813429,194.9735623004612,16.868073927812542,0.0398614705282365,0.009110030564621,177.89950653229386,14.11046386674754
"Cyp2e1/1. WT, Chow/NK41/Cyp2e1_NK41_1.vmic.18980.tif Snapshot 2.tif",0.0265210290104144,0.0044069364441337,190.52995510336387,16.464763109267924,0.0443901159409278,0.008592748346794,173.3140035167795,12.925014932234667
"Cyp2e1/1. WT, Chow/NK41/Cyp2e1_NK41_1.vmic.18980.tif Snapshot 3.tif",0.0249448084443086,0.0039753072488536,195.0453572543269,15.818165102437131,0.0401139637334456,0.0076957670226715,179.0588390875615,12.584603773289745
"Cyp2e1/1. WT, Chow/NK41/Cyp2e1_NK41_1.vmic.18980.tif Snapshot 4.tif",0.0298102452537812,0.0051709657395153,189.7110945436746,15.818183872223052,0.0492445942185489,0.0090062388527226,169.92472168388807,13.070806118702516
"Cyp2e1/1. WT, Chow/NK42/Cyp2e1_NK42_1.vmic.18980.tif Snapshot 1.tif",0.0184986301673543,0.0026943087893885,206.14854959143884,12.87681092427218,0.0297803518361562,0.005442465285268,192.51919136165785,12.548577381200996
"Cyp2e1/1. WT, Chow/NK42/Cyp2e1_NK42_1.vmic.18980.tif Snapshot 2.tif",0.0185308374473689,0.00307025074648,205.71048257324043,13.029643186620952,0.0320640541452801,0.0075634948506592,189.9335953960935,12.637518239367049
"Cyp2e1/1. WT, Chow/NK42/Cyp2e1_NK42_1.vmic.18980.tif Snapshot 3tif.tif",0.0198011694214128,0.0028940391691961,204.24235575606485,13.3265776176148,0.0327801135256105,0.0079925575496527,190.77053747380376,12.922639582970124
"Cyp2e1/1. WT, Chow/NK43/Cyp2e1_NK43_1.vmic.18980.tif Snapshot 1.tif",0.0231313323760731,0.0037135831422499,197.52467671487952,16.274513698170995,0.0382950304259509,0.0069897729296456,180.8213479822953,12.819784401359415
"Cyp2e1/1. WT, Chow/NK43/Cyp2e1_NK43_1.vmic.18980.tif Snapshot 2.tif",0.0211502410974498,0.0035186781496865,200.11676857834004,16.025631871519984,0.0351681838356414,0.0066159546521051,184.955652446628,12.0991423956143
"Cyp2e1/1. WT, Chow/NK43/Cyp2e1_NK43_1.vmic.18980.tif Snapshot 3.tif",0.0192135370752098,0.0029685420065426,202.8559552605365,15.307338039142866,0.0309948827074334,0.0064745503983981,188.4770678065385,12.756779705204703
"Cyp2e1/1. WT, Chow/NK53/Cyp2e1_NK53_1.vmic.18980.tif Snapshot 1.tif",0.0308918024219745,0.0049605563371788,187.8020157807277,15.066291448561188,0.0529365822160128,0.0116987858920131,167.5362099007099,13.44326463741684
"Cyp2e1/1. WT, Chow/NK53/Cyp2e1_NK53_1.vmic.18980.tif Snapshot 2.tif",0.0287561228816837,0.0041656672444078,191.14829786115072,14.8180277451072,0.0471677860726963,0.0088124991097355,173.835030055174,12.160875706664635
"Cyp2e1/1. WT, Chow/NK53/Cyp2e1_NK53_1.vmic.18980.tif Snapshot 3.tif",0.0268653643243796,0.0038324105796715,193.2405284271545,14.886676103670808,0.0436857993452986,0.0080823459811321,177.2584529325807,11.761135397453105
"Cyp2e1/1. WT, Chow/NK53/Cyp2e1_NK53_1.vmic.18980.tif Snapshot 4.tif",0.0273603958224706,0.0042892332373793,190.8449594091265,16.514517757496172,0.0454644019057719,0.0079443201078939,174.45397034411388,12.115443455647974
"Cyp2e1/2. KO, Chow/ASV51/Cyp2e1_ASV51_1.vmic.13300.tif Snapshot 1.tif",0.0359192287100478,0.0054845936498155,138.0801314487964,19.314140684847075,0.0569434141619294,0.0093767148917132,117.27135095863724,14.801766360632492
"Cyp2e1/2. KO, Chow/ASV51/Cyp2e1_ASV51_1.vmic.13300.tif Snapshot 2.tif",0.0388104221706504,0.0055514749207733,129.07380558329393,19.430035374642856,0.0597399681667995,0.0088674465099323,110.14124686826976,14.301406078456644
"Cyp2e1/2. KO, Chow/ASV51/Cyp2e1_ASV51_1.vmic.13300.tif Snapshot 3.tif",0.0312460960865491,0.005201275346279,139.96118370294974,19.28652058343085,0.0503695113941625,0.0087550327612717,120.77708796301312,14.614884938878523
"Cyp2e1/2. KO, Chow/NK38/Cyp2e1_NK38_1.vmic.18980.tif Snapshot 1.tif",0.0460650230446576,0.006609380171723,171.08366678576957,14.354056256013612,0.0711892876779229,0.0113140943534215,148.77873369304098,11.86412304553562
"Cyp2e1/2. KO, Chow/NK38/Cyp2e1_NK38_2.vmic.18980.tif Snapshot 1.tif",0.051244038090277,0.0084504460784014,166.50729494968073,15.073412828245196,0.0848566099895887,0.0151298563615995,138.5997162496349,13.206219137764943
"Cyp2e1/2. KO, Chow/NK38/Cyp2e1_NK38_2.vmic.18980.tif Snapshot 2.tif",0.0400024758835289,0.0063486102662898,174.9038953865407,16.276331494629424,0.0662256962904813,0.0124672298457936,151.1648882769313,13.584012618144522
"Cyp2e1/2. KO, Chow/NK40/Cyp2e1_NK40_2.vmic.18980.tif Snapshot 1.tif",0.0447545711635322,0.0083807606696799,174.6294062230601,13.83532244443439,0.0822702282820252,0.0180913169607474,144.554729317096,14.694130726335937
"Cyp2e1/2. KO, Chow/NK40/Cyp2e1_NK40_2.vmic.18980.tif Snapshot 2.tif",0.0276953188468086,0.005003161021735,190.1846512346791,15.067288320717475,0.051156807728382,0.0110597218202281,170.837931886634,12.908972990359295
"Cyp2e1/2. KO, Chow/NK40/Cyp2e1_NK40_2.vmic.18980.tif Snapshot 3.tif",0.0199374476319574,0.0031508479313541,203.88948292394585,13.22354825551996,0.0343028335058606,0.0070338023250155,190.8385479887411,11.21120801242841
"Cyp2e1/2. KO, Chow/NK44/Cyp2e1_NK44_1.vmic.18980.tif Snapshot 1.tif",0.0675883928811951,0.0099800818894976,151.89031246484743,13.555675839881676,0.1022429244346349,0.014525056042862,125.62223648319292,11.332998637363916
"Cyp2e1/2. KO, Chow/NK44/Cyp2e1_NK44_1.vmic.18980.tif Snapshot 2.tif",0.0677027727893239,0.0102120597583115,151.87935832945513,13.274447079972935,0.1031890302616856,0.0169460843164936,124.32618911973894,12.090075692039012
"Cyp2e1/2. KO, Chow/NK44/Cyp2e1_NK44_1.vmic.18980.tif Snapshot 3.tif",0.0701696642112063,0.0117813264843345,149.50866019575437,13.973652950973175,0.112112609847662,0.0259924253135065,118.30971670614294,13.976436236246444
"Cyp2e1/2. KO, Chow/NK44/Cyp2e1_NK44_1.vmic.18980.tif Snapshot 4.tif",0.0677297149125696,0.0102782662228624,151.62570939880547,13.404444982281642,0.1039152778494799,0.0186609695941472,123.98664773286588,12.606888165539782
"Cyp2e1/2. KO, Chow/NK56/Cyp2e1_NK56_1.vmic.18980.tif Snapshot 1.tif",0.0513271583467892,0.0074898829895749,166.37014635551907,15.437056509011876,0.0815395566701576,0.0130441963250386,142.43366725473183,12.812386236171028
"Cyp2e1/2. KO, Chow/NK56/Cyp2e1_NK56_1.vmic.18980.tif Snapshot 2.tif",0.0485959325737626,0.008011928412079,166.56798416665347,16.82686718195555,0.0817427808913565,0.0143161889262612,140.27762066122926,13.985836124514938
"Cyp2e1/2. KO, Chow/NK56/Cyp2e1_NK56_1.vmic.18980.tif Snapshot 3.tif",0.0443175262641352,0.006672563120726,174.69941249622983,13.123758090223465,0.0700428130816371,0.0109124692827501,151.66131480378533,11.336061268379716
"Cyp2e1/2. KO, Chow/NK56/Cyp2e1_NK56_1.vmic.18980.tif Snapshot 4.tif",0.0547105326962851,0.0091684930530276,164.00634214403837,14.585894586565567,0.090841523653485,0.0165105532912771,134.6174776772158,14.453405036785975
"Cyp2e1/3. WT, WD/NK3/Cyp2e1_NK3_1.vmic.18980.tif Snapshot 1.tif",0.0149563059376858,0.0019182045447363,202.4277291299484,18.991340712274408,0.0226729133664315,0.0048080830116223,189.6155683015478,18.909286147323105
"Cyp2e1/3. WT, WD/NK3/Cyp2e1_NK3_1.vmic.18980.tif Snapshot 2.tif",0.0182038996722151,0.002346906477845,197.5248843638426,18.258851342196188,0.0270369439980132,0.0049545872592623,185.49508069471315,16.723748377924483
"Cyp2e1/3. WT, WD/NK3/Cyp2e1_NK3_1.vmic.18980.tif Snapshot 3.tif",0.0203000478989142,0.0027514999126795,193.7428729129053,19.06197522049585,0.0312539503577104,0.006010010189284,180.1284687096685,17.331059267645728
"Cyp2e1/3. WT, WD/NK3/Cyp2e1_NK3_1.vmic.18980.tif Snapshot 4.tif",0.015113505340796,0.0019302221588918,203.4631423005616,17.67199444464026,0.0222932982132765,0.0040507295528275,190.33905859565888,18.09721428822852
"Cyp2e1/3. WT, WD/NK4/Cyp2e1_NK4_1.vmic.18980.tif Snapshot 1.tif",0.0185196666747248,0.0023366083120223,196.6513713048523,19.80989795836023,0.0269256198579909,0.003864096301893,182.8058567458452,19.649841243302067
"Cyp2e1/3. WT, WD/NK4/Cyp2e1_NK4_1.vmic.18980.tif Snapshot 2.tif",0.0168157051466758,0.0023246164370014,197.91218093094005,20.84124049655365,0.0263322272267183,0.0058450484399399,183.4373877531756,20.301162206101527
"Cyp2e1/3. WT, WD/NK4/Cyp2e1_NK4_1.vmic.18980.tif Snapshot 3.tif",0.0172977761892066,0.0028836638793191,196.87631455929625,20.408485241503826,0.0292247548637687,0.0074287132158862,180.7757153221977,19.4141940854814
"Cyp2e1/3. WT, WD/NK4/Cyp2e1_NK4_1.vmic.18980.tif Snapshot 4.tif",0.0189479013499738,0.0022202915567544,195.27930899377705,19.999219211852413,0.0278440031657342,0.0045966946374087,180.07876346002996,21.604917193836805
"Cyp2e1/4. KO, WD/NK1/Cyp2e1_NK1_1.vmic.18980.tif Snapshot 1.tif",0.0173737273616243,0.0022387779041811,187.1670137382411,22.98212064567599,0.0258789882041237,0.0052347666273893,173.4076699691539,21.51115486519786
"Cyp2e1/4. KO, WD/NK1/Cyp2e1_NK1_1.vmic.18980.tif Snapshot 2.tif",0.0255826946194372,0.0037364418132631,179.6570184857929,20.964437642231285,0.0434372702647656,0.0099603628143483,162.42273828526183,17.8288713837848
"Cyp2e1/4. KO, WD/NK1/Cyp2e1_NK1_1.vmic.18980.tif Snapshot 3.tif",0.024141935453492,0.0026514941641821,181.23679052148185,19.557056893860896,0.0356310731603803,0.0061405571921738,168.73977127949698,16.080536797742855
"Cyp2e1/4. KO, WD/NK1/Cyp2e1_NK1_1.vmic.18980.tif Snapshot 4.tif",0.0199441056976053,0.0026434192211497,186.4463095441077,22.76218145911886,0.0308684832334416,0.0070874118087309,172.71595661802294,21.07345528834577
"Cyp2e1/4. KO, WD/NK2/Cyp2e1_NK2_1.vmic.18980.tif Snapshot 1.tif",0.0205242325985591,0.003868245224585,207.6801092627284,18.44108842455108,0.0363002865962711,0.0077346903007341,188.53888408281136,16.67736529699268
"Cyp2e1/4. KO, WD/NK2/Cyp2e1_NK2_1.vmic.18980.tif Snapshot 2.tif",0.0204084491078499,0.0040763161556198,205.9861522468757,18.75814608134842,0.0386500776244631,0.0106305434147043,185.46400711177705,16.903378151660778
"Cyp2e1/4. KO, WD/NK2/Cyp2e1_NK2_1.vmic.18980.tif Snapshot 3.tif",0.0181067658878133,0.0030438262152756,205.95319960222025,21.471957730247485,0.0314166454179805,0.0078113634983008,189.43160712948392,18.84118771672569
"Cyp2e1/4. KO, WD/NK2/Cyp2e1_NK2_1.vmic.18980.tif Snapshot 4.tif",0.0294949958866524,0.0056502129835851,190.86886875643253,19.83565848795824,0.0572659912065946,0.0141497587585751,162.68111140827915,18.90671009005344
"Cyp2f2/1. WT, Chow/ASV57/Cyp2f2_ASV57_1.vmic.13300.tif Snapshot 1.tif",0.0431081155175816,0.0087428374226185,135.93511820079985,21.928681159507803,0.0742018494957641,0.0140167043887583,105.28648921037758,15.81945238816342
"Cyp2f2/1. WT, Chow/ASV57/Cyp2f2_ASV57_1.vmic.13300.tif Snapshot 2.tif",0.0420805113988932,0.0087902829830237,138.7384894379594,21.85571152057804,0.0724912103948176,0.0129402715167409,108.24449090009838,15.093095938057768
"Cyp2f2/1. WT, Chow/ASV57/Cyp2f2_ASV57_1.vmic.13300.tif Snapshot 3.tif",0.0442268232500823,0.0095318995304984,139.68288128230606,21.969761097484064,0.0761482153076579,0.0148006888741954,107.93000787702414,16.18302717368658
"Cyp2f2/1. WT, Chow/ASV57/Cyp2f2_ASV57_1.vmic.13300.tif Snapshot 4.tif",0.0359190846050249,0.0076235605267329,150.2445774658345,22.35170184311292,0.062480224933235,0.0121703025870321,121.6917363239511,16.408316918748707
"Cyp2f2/1. WT, Chow/ASV60/Cyp2f2_ASV60_1.vmic.13300.tif Snapshot 1.tif",0.0473109115872948,0.0101060693496807,116.3581953273616,19.99086102052492,0.0763069257680479,0.0125794876813481,96.47614999439962,11.685139850328298
"Cyp2f2/1. WT, Chow/ASV60/Cyp2f2_ASV60_1.vmic.13300.tif Snapshot 2.tif",0.0484495519020517,0.0099578686058963,118.98084313942636,19.68027153710262,0.0778657233474953,0.0129418445201163,98.88043843481678,12.320724031377948
"Cyp2f2/1. WT, Chow/ASV60/Cyp2f2_ASV60_1.vmic.13300.tif Snapshot 3.tif",0.046593611881333,0.0101495428484551,118.03620326827638,18.81433914285665,0.0796735512479886,0.0158131142081815,94.15575938806556,15.314471513249917
"Cyp2f2/1. WT, Chow/NK41/Cyp2f2_NK41_1.vmic.18980.tif Snapshot 1.tif",0.0620169636726534,0.0123874695565919,154.75203467569716,17.213536491799815,0.1052207489064362,0.0232226083524374,117.52920169737804,15.72590792837131
"Cyp2f2/1. WT, Chow/NK41/Cyp2f2_NK41_1.vmic.18980.tif Snapshot 2.tif",0.0713337916708161,0.0141942549450771,145.53889021289976,17.17942571105836,0.120766214692006,0.0259185203666219,105.91892613785116,15.073990119264236
"Cyp2f2/1. WT, Chow/NK41/Cyp2f2_NK41_1.vmic.18980.tif Snapshot 3.tif",0.0668054990099111,0.0142445688924496,151.8239189888053,17.989102979929697,0.1162261540320754,0.0306349662291998,111.02003727120908,16.26740730966276
"Cyp2f2/1. WT, Chow/NK42/Cyp2f2_NK42_1.vmic.18980.tif Snapshot 1.tif",0.072875101530048,0.0146578206023144,147.06715093003075,16.868673095383542,0.1216575632502693,0.0264855398378792,107.8271273443572,14.651515623325349
"Cyp2f2/1. WT, Chow/NK42/Cyp2f2_NK42_1.vmic.18980.tif Snapshot 2.tif",0.0608916979022657,0.0113542929788321,158.3588305554497,15.341274530232148,0.0984466116168543,0.0181135887700749,123.30094705122684,13.929634822790945
"Cyp2f2/1. WT, Chow/NK42/Cyp2f2_NK42_1.vmic.18980.tif Snapshot 3.tif",0.0703588951990242,0.0128576738185487,150.5962261402373,15.016175822145584,0.1143035045738305,0.0231947139750549,114.40568711469378,14.327801378778366
"Cyp2f2/1. WT, Chow/NK42/Cyp2f2_NK42_1.vmic.18980.tif Snapshot 4.tif",0.0653312719102421,0.0124160588353653,154.0004008652902,16.05630330353366,0.1077483523320585,0.0218473295496317,117.4827147740858,14.945750890868828
"Cyp2f2/1. WT, Chow/NK43/Cyp2f2_NK43_1.vmic.18980.tif Snapshot 1.tif",0.0572793426690536,0.0107830682514356,159.3761392087351,14.784392303336125,0.0916822557034262,0.0168607356027134,126.635052158308,13.920702639331154
"Cyp2f2/1. WT, Chow/NK43/Cyp2f2_NK43_1.vmic.18980.tif Snapshot 2.tif",0.0536512873021496,0.0101813123368391,164.68813944041514,14.590049024681194,0.0866534054532211,0.0160692682497309,132.76033056533385,13.572198915096068
"Cyp2f2/1. WT, Chow/NK43/Cyp2f2_NK43_1.vmic.18980.tif Snapshot 3.tif",0.0483136546196556,0.010319130448851,170.19211290415535,15.890456838089005,0.085296946780892,0.0190409692304651,133.42061931655198,16.079625898392777
"Cyp2f2/1. WT, Chow/NK53/Cyp2f2_NK53_1.vmic.18980.tif Snapshot 1.tif",0.0721671811809425,0.0149170236312999,149.2210271838831,16.592540976348168,0.1210413291436775,0.0306290238328554,110.68833084640885,15.40943235312741
"Cyp2f2/1. WT, Chow/NK53/Cyp2f2_NK53_1.vmic.18980.tif Snapshot 2.tif",0.0563242424575803,0.0097652062889403,164.69507042188664,14.2102642229411,0.090000067076663,0.0161504777768029,133.72095613304927,13.91257729592432
"Cyp2f2/1. WT, Chow/NK53/Cyp2f2_NK53_1.vmic.18980.tif Snapshot 3.tif",0.053841919065429,0.0092534433410873,164.76046432368395,14.166275678633925,0.0853925944252195,0.0156711024621986,134.83794595321604,14.326458576416856
"Cyp2f2/1. WT, Chow/NK53/Cyp2f2_NK53_1.vmic.18980.tif Snapshot 4.tif",0.0548221804675313,0.0098461440061579,162.59378027140636,14.957681453367751,0.0873403941968363,0.0152950796842736,132.5089025988986,13.733027559295026
"Cyp2f2/2. KO, Chow/ASV51/Cyp2f2_ASV51_1.vmic.13300.tif Snapshot 1.tif",0.0432652684228215,0.0096309290915275,135.07562461256308,21.354286642584952,0.07201914246292,0.0144456970740225,107.883831688687,14.156942380843487
"Cyp2f2/2. KO, Chow/ASV51/Cyp2f2_ASV51_1.vmic.13300.tif Snapshot 2.tif",0.0463997414305554,0.0099882148466605,129.46408215307216,22.56627475254699,0.077071835369022,0.0130548428531256,100.57158141441624,14.647262665488311
"Cyp2f2/2. KO, Chow/ASV51/Cyp2f2_ASV51_1.vmic.13300.tif Snapshot 3.tif",0.042300740157972,0.0087550743152568,136.8966357488812,21.888930244865296,0.0697321519565272,0.0117514441687205,109.8358658249677,14.419052733226843
"Cyp2f2/2. KO, Chow/NK38/Cyp2f2_NK38_1.vmic.18980.tif Snapshot 1.tif",0.0732450077085061,0.0143025549434826,148.55732755111745,15.759635918902289,0.1207990999240614,0.0247892929653803,110.4664206082242,15.081183130021968
"Cyp2f2/2. KO, Chow/NK38/Cyp2f2_NK38_1.vmic.18980.tif Snapshot 2.tif",0.0671400414151927,0.0144795340659672,154.28832363092818,17.256171988461258,0.1169124189655499,0.0267967540316722,112.50712770879991,16.461323128562874
"Cyp2f2/2. KO, Chow/NK38/Cyp2f2_NK38_2.vmic.18980.tif Snapshot 1.tif",0.0729833832306047,0.014186194462231,149.72249745469895,16.061949585110316,0.1224237625752005,0.0272408098717133,109.64692211063486,15.53771953514248
"Cyp2f2/2. KO, Chow/NK38/Cyp2f2_NK38_3.vmic.18980.tif Snapshot 1.tif",0.0698763979562797,0.0135220329715225,144.49874524258576,17.10516646620204,0.1238502491846544,0.0314193780386676,104.00616226492566,16.667097027088335
"Cyp2f2/2. KO, Chow/NK40/Cyp2f2_NK40_1.vmic.18980.tif Snapshot 1.tif",0.0647993526507524,0.0114487806676144,146.6266095784979,16.1279993418626,0.1052833098134414,0.020993750471535,115.01377098744209,14.849033887072755
"Cyp2f2/2. KO, Chow/NK40/Cyp2f2_NK40_1.vmic.18980.tif Snapshot 2.tif",0.0513430857574051,0.0082232816351948,158.65324601082563,15.938165402862454,0.077481858000164,0.0127571859254048,135.04209048809255,13.845589617991392
"Cyp2f2/2. KO, Chow/NK40/Cyp2f2_NK40_1.vmic.18980.tif Snapshot 3.tif",0.0596754352485364,0.0105010508907267,149.96948385001403,16.399914180008434,0.0969455439704392,0.0191112457939029,118.2837890774108,15.822012687249355
"Cyp2f2/2. KO, Chow/NK44/Cyp2f2_NK44_1.vmic.18980.tif Snapshot 1.tif",0.0846919435697734,0.0181450923632994,132.80518940391468,18.00555398331177,0.1586668141996339,0.0435142118604863,85.27969577086036,16.35106455826455
"Cyp2f2/2. KO, Chow/NK44/Cyp2f2_NK44_1.vmic.18980.tif Snapshot 2.tif",0.0797036890778188,0.0154546387458351,136.66245433918115,16.52362431738653,0.1393884660072059,0.0324710792102486,94.87118048070056,15.83203560141766
"Cyp2f2/2. KO, Chow/NK44/Cyp2f2_NK44_2.vmic.18980.tif Snapshot 1.tif",0.0676557008684569,0.0127414463862809,149.68072636569624,15.655461264331414,0.1084497836410145,0.019801089739234,114.8816807450432,14.066571668248756
"Cyp2f2/2. KO, Chow/NK44/Cyp2f2_NK44_2.vmic.18980.tif Snapshot 2.tif",0.0626680466709112,0.0123964726342037,152.56671683691724,16.437465924307016,0.1038107053971492,0.0217676354386746,116.75834117708428,15.254367088094352
"Cyp2f2/2. KO, Chow/NK56/Cyp2f2_NK56_1.vmic.18980.tif Snapshot 1.tif",0.0681266335695364,0.0120315289245898,149.36838483325894,14.80495197717353,0.1094611901817128,0.0216493002357843,114.3706704705042,15.098606754832367
"Cyp2f2/2. KO, Chow/NK56/Cyp2f2_NK56_1.vmic.18980.tif Snapshot 2.tif",0.0637385198969248,0.0117132252843217,154.08203255330895,14.986055496307364,0.1041823270053131,0.0211002393924585,118.75499253427196,15.388954135951884
"Cyp2f2/2. KO, Chow/NK56/Cyp2f2_NK56_1.vmic.18980.tif Snapshot 3.tif",0.0618807887682081,0.0119549768505371,156.31482099383882,15.175290758380056,0.1043524172771246,0.022695110008342,119.7134631246201,15.629303562886774
"Cyp2f2/2. KO, Chow/NK56/Cyp2f2_NK56_1.vmic.18980.tif Snapshot 4.tif",0.063871931784288,0.0132572120566678,154.9143874799891,16.00047980061379,0.1166629727220803,0.0301318472403364,112.04510259578436,17.99384666710311
"Cyp2f2/3. WT, WD/NK3/Cyp2f2_NK3_1.vmic.18980.tif Snapshot 1.tif",0.0813824631545586,0.0169020353959541,135.3409124671999,19.036661538582813,0.1374257567787539,0.0254882525955681,98.62304911339612,13.694288311930691
"Cyp2f2/3. WT, WD/NK3/Cyp2f2_NK3_1.vmic.18980.tif Snapshot 2.tif",0.0754645417794001,0.0167400335340032,143.38553452773888,19.07044808201061,0.1287596187344573,0.0233820401329525,105.2343129936982,13.720534984497174
"Cyp2f2/3. WT, WD/NK3/Cyp2f2_NK3_1.vmic.18980.tif Snapshot 3.tif",0.0653331500843034,0.0151609173845482,150.40870010027734,19.99271758192045,0.1146525834029607,0.021219535604527,111.75618982453068,14.02058586024318
"Cyp2f2/3. WT, WD/NK3/Cyp2f2_NK3_1.vmic.18980.tif Snapshot 4.tif",0.0713664068947494,0.015048443323034,141.93777049427112,19.515596091436,0.1237531502690571,0.0233960369007119,105.2967556276061,14.578372976254691
"Cyp2f2/3. WT, WD/NK4/Cyp2f2_NK4_1.vmic.18980.tif Snapshot 1.tif",0.0851110724283216,0.0187126144606698,137.9017510401612,18.50074131227656,0.1480836034552773,0.0271853806706576,97.8611653415157,13.094958755849031
"Cyp2f2/3. WT, WD/NK4/Cyp2f2_NK4_1.vmic.18980.tif Snapshot 2.tif",0.0841251812485641,0.018238179602771,136.97323698724725,18.26846570667085,0.1426740077106796,0.023825279243764,98.40001237821193,12.663840719001389
"Cyp2f2/3. WT, WD/NK4/Cyp2f2_NK4_1.vmic.18980.tif Snapshot 3.tif",0.0722949433184115,0.016394952838131,145.35480118992925,18.77736763879174,0.1244028510014823,0.0220455687464545,107.24241413891562,12.978287299282789
"Cyp2f2/3. WT, WD/NK4/Cyp2f2_NK4_1.vmic.18980.tif Snapshot 4.tif",0.0637636737401001,0.0131907864466301,151.36270020499967,18.228574484170096,0.1062545429547287,0.0176617541511438,118.56943990681997,13.4883079894108
"Cyp2f2/4. KO, WD/NK1/Cyp2f2_NK1_1.vmic.18980.tif Snapshot 1.tif",0.0556211423069335,0.0105519098900045,155.67933342704433,18.85279320503556,0.0911854802624507,0.0166544038654031,128.41578406884506,14.770878889376563
"Cyp2f2/4. KO, WD/NK1/Cyp2f2_NK1_1.vmic.18980.tif Snapshot 2.tif",0.0658926610208807,0.0152134836359153,147.0141194335176,20.32438345695322,0.1135430086875367,0.0201674371809529,113.87956521554013,13.967986759884806
"Cyp2f2/4. KO, WD/NK1/Cyp2f2_NK1_1.vmic.18980.tif Snapshot 3.tif",0.0919836051406117,0.0182781979574728,123.6818239285171,18.043829233433687,0.1521777737054711,0.0298998262922379,91.13345154208235,13.486526155731674
"Cyp2f2/4. KO, WD/NK1/Cyp2f2_NK1_1.vmic.18980.tif Snapshot 4.tif",0.0984173741401724,0.0221588311609614,123.22749513006936,19.45028839318745,0.1680104826496829,0.0319576567580706,86.88117857677,12.806878798574624
"Cyp2f2/4. KO, WD/NK2/Cyp2f2_NK2_1.vmic.18980.tif Snapshot 1.tif",0.0706126249595705,0.0150842537710679,145.9344147046977,17.878620279273736,0.1220313938057292,0.0222491686363241,108.45028689374728,13.774799525499173
"Cyp2f2/4. KO, WD/NK2/Cyp2f2_NK2_1.vmic.18980.tif Snapshot 2.tif",0.0709347896884944,0.0154629458451653,148.14162819312102,17.563826101719155,0.1224959824777929,0.0224127084310332,110.62786872196769,13.560120084597395
"Cyp2f2/4. KO, WD/NK2/Cyp2f2_NK2_1.vmic.18980.tif Snapshot 3.tif",0.0747588138981223,0.0152376308678154,145.12296786790614,16.841105677281362,0.1261734427780574,0.0220140002098767,107.80693108425535,13.131482578921604
"Cyp2f2/4. KO, WD/NK2/Cyp2f2_NK2_1.vmic.18980.tif Snapshot 4.tif",0.0834402783271905,0.0189812338556147,138.14369116361692,18.72384302632312,0.1465695830052152,0.028847662608149,96.77449814134064,14.147139535569544
"Fabp4/1. WT, Chow/ASV50/Fabp4 ASV50_1.vmic.18820.tif Snapshot 1.tif",0.0343819003247771,0.0073199555607775,177.5096147957932,19.951327271320626,0.0863608927696095,0.0300593439806899,120.15315174005636,29.286817617039137
"Fabp4/1. WT, Chow/ASV50/Fabp4 ASV50_1.vmic.18820.tif Snapshot 2.tif",0.0362385895045861,0.0072986378470034,170.84471501323196,22.065781291570527,0.0889480503230641,0.029382918154383,112.91120795559505,29.29014258104185
"Fabp4/1. WT, Chow/ASV55/Fabp4 ASV55_1.vmic.18820.tif Snapshot 1.tif",0.035028044804871,0.0082175238415986,167.0986774011161,26.416028572353,0.087871473848994,0.0291471540574969,110.55629305326812,31.236642078510823
"Fabp4/1. WT, Chow/ASV55/Fabp4 ASV55_1.vmic.18820.tif Snapshot 2.tif",0.0416627331539899,0.0083918840474935,163.17881364155772,23.96738534149725,0.0916316253709099,0.0282814234532017,111.3984444949715,29.58482575499257
"Fabp4/1. WT, Chow/ASV59/Fabp4 ASV59_1.vmic.18820.tif Snapshot 1.tif",0.0418747289934493,0.0066332892698491,173.1925706554079,15.567233221605218,0.0713271951455579,0.0184803164779427,136.69477944348108,24.20395445169258
"Fabp4/1. WT, Chow/ASV59/Fabp4 ASV59_1.vmic.18820.tif Snapshot 2.tif",0.0403325679356441,0.0059163106269555,172.33453756890458,16.82026480787953,0.0705908182911651,0.0186950810176882,135.90461351876763,24.974874098094983
"Fabp4/1. WT, Chow/ASV59/Fabp4 ASV59_1.vmic.18820.tif Snapshot 3.tif",0.0485357419271228,0.006282001943855,163.61863478031313,16.66721880249934,0.0793397152268379,0.017948833330378,129.75203620193113,22.710207607296592
"Fabp4/1. WT, Chow/NK37/Fabp4 NK37_1.vmic.18820.tif  Snapshot 1.tif",0.0292211818665282,0.0066875648074716,180.67657061736548,20.75297070877638,0.0945271446507894,0.0353004674871231,109.5546984644068,30.9095211742772
"Fabp4/1. WT, Chow/NK37/Fabp4 NK37_1.vmic.18820.tif  Snapshot 2.tif",0.0349806304927743,0.0074553865871767,176.90519556467288,20.35815803980889,0.0971611237156425,0.0364584833644721,106.80446526495184,29.849043130059595
"Fabp4/1. WT, Chow/NK37/Fabp4 NK37_1.vmic.18820.tif  Snapshot 3.tif",0.035544216743231,0.0061833523852813,179.5646292612793,16.55032712533199,0.0619549531553066,0.0203450286101891,140.0931275448443,24.90833469350025
"Fabp4/1. WT, Chow/NK41/FABP4_NK41_1.vmic.18980.tif Snapshot 1.tif",0.0428820893247662,0.0106316205301692,165.55112022316433,22.877512789971885,0.1397368040034427,0.0774887902578877,90.34203552346074,26.70401070254731
"Fabp4/1. WT, Chow/NK41/FABP4_NK41_1.vmic.18980.tif Snapshot 2.tif",0.0379197672487168,0.0090635740422675,177.30045053699314,21.84161039228198,0.1221794826630461,0.0578467450902922,97.513671903544,29.19523200972212
"Fabp4/1. WT, Chow/NK41/FABP4_NK41_1.vmic.18980.tif Snapshot 3.tif",0.0420292809166266,0.0111414625246232,166.2347611159537,23.173579636559936,0.1499483513350336,0.0771762840922203,86.73901111015998,26.33624981427916
"Fabp4/1. WT, Chow/NK41/FABP4_NK41_1.vmic.18980.tif Snapshot 4.tif",0.0362923746188858,0.009522724574535,177.38504171313497,21.75755763617136,0.1341325585033541,0.0603486577399943,94.1122092282093,28.77431952804626
"Fabp4/1. WT, Chow/NK42/FABP4_NK42_1.vmic.18980.tif Snapshot 1.tif",0.0281286650218816,0.0067857618969854,183.3066886040483,22.42991548593443,0.0925646029731869,0.0350836704626898,117.5208196656966,31.06316536320187
"Fabp4/1. WT, Chow/NK42/FABP4_NK42_1.vmic.18980.tif Snapshot 2.tif",0.0262728881741486,0.0063179337444643,184.0850468527883,22.97899255035988,0.1026694212006172,0.0413092964458458,109.3718360912556,31.667293435256827
"Fabp4/1. WT, Chow/NK42/FABP4_NK42_1.vmic.18980.tif Snapshot 3.tif",0.0193283798421133,0.0054134381463028,195.06591165459423,21.441689606965216,0.0894839168866737,0.0406962150488212,119.58139229832288,33.093171327211714
"Fabp4/1. WT, Chow/NK42/FABP4_NK42_1.vmic.18980.tif Snapshot 4.tif",0.0200814069063191,0.0048856313384476,197.17334745607417,21.7861274745694,0.0881255467270612,0.0380742733065958,121.30888117855488,33.586163657975895
"Fabp4/1. WT, Chow/NK43/FABP4_NK43_1.vmic.18980.tif Snapshot 1.tif",0.027684888826989,0.007161441550026,183.14140196735417,24.212620617877413,0.1087558234475527,0.0492471484669659,103.01908464726844,33.11769357485802
"Fabp4/1. WT, Chow/NK43/FABP4_NK43_1.vmic.18980.tif Snapshot 2.tif",0.0356960075667895,0.0087618432149958,174.7045437872983,22.44471165912044,0.1111413721668675,0.0512667707094768,104.6739004654617,29.35699539831905
"Fabp4/1. WT, Chow/NK43/FABP4_NK43_1.vmic.18980.tif Snapshot 3.tif",0.0342813421526683,0.0087347232664892,175.71408347021398,23.10565439951496,0.1212183637790313,0.0509259402290626,98.73815377854967,29.069537659009743
"Fabp4/1. WT, Chow/NK52/Fabp4 NK52_1.vmic.18820.tif Snapshot 1.tif",0.0267443258478863,0.0070074755631192,174.10123572487944,27.60720400405988,0.1040749789191984,0.0393531561319741,96.763685339265,32.14799477539562
"Fabp4/1. WT, Chow/NK52/Fabp4 NK52_1.vmic.18820.tif Snapshot 2.tif",0.0270672410910879,0.0071983111700539,173.762426407556,29.9397904079064,0.1067854330701874,0.0445082061961594,97.09101335420388,32.08643469495263
"Fabp4/1. WT, Chow/NK52/Fabp4 NK52_1.vmic.18820.tif Snapshot 3.tif",0.0274973146200286,0.0070583531441641,176.01120211141222,29.034356348711047,0.1048425107676311,0.0391902433598764,99.4455881599836,31.222108570647457
"Fabp4/1. WT, Chow/NK52/Fabp4 NK52_1.vmic.18820.tif Snapshot 4.tif",0.0266080083077614,0.006948411514579,177.66690475734706,24.98336589344613,0.1045673772667017,0.0400948061330473,98.26086281929042,32.19580635275238
"Fabp4/1. WT, Chow/NK53/FABP4_NK53_1.vmic.18980.tif Snapshot 1.tif",0.0413675126668236,0.0096021668548782,173.01287322612276,20.981430511049226,0.1295787136789665,0.0538705036663754,97.9823658091016,27.19796613913614
"Fabp4/1. WT, Chow/NK53/FABP4_NK53_1.vmic.18980.tif Snapshot 2.tif",0.0417416613192312,0.0103395979745832,172.78315939084789,21.61671830869105,0.1376439106320022,0.0531926105239238,93.21978651719412,26.020219172032647
"Fabp4/1. WT, Chow/NK53/FABP4_NK53_1.vmic.18980.tif Snapshot 3.tif",0.0657877780497946,0.0186573206281287,148.0537422260348,25.125275304117,0.1622677488466859,0.049121980535265,76.17316065184039,22.190388223498005
"Fabp4/1. WT, Chow/NK53/FABP4_NK53_1.vmic.18980.tif Snapshot 4.tif",0.0340980754983274,0.0096582768203647,179.2064223356232,23.30357726284712,0.1216292333270081,0.0478605139501113,101.49444835155468,28.31046919442977
"Fabp4/1. WT, Chow/NK55/Fabp4 NK55_1.vmic.18820.tif Snapshot 1.tif",0.0280002001946911,0.0071120205215588,177.22758995522167,24.532514042123942,0.1069957807248021,0.0428956489160727,99.692048529759,31.161347546494813
"Fabp4/1. WT, Chow/NK55/Fabp4 NK55_1.vmic.18820.tif Snapshot 2.tif",0.0338617040010322,0.0071308972738152,171.40037362427734,24.51474043473571,0.1130874272891358,0.0415415628019198,94.1236906374064,30.97488251717304
"Fabp4/1. WT, Chow/NK55/Fabp4 NK55_1.vmic.18820.tif Snapshot 3.tif",0.0282595875997924,0.0067407956351805,179.5949275809838,21.86177888149868,0.0961800672369376,0.0394440845207455,105.20714654696378,32.523924617086465
"Fabp4/1. WT, Chow/NK55/Fabp4 NK55_1.vmic.18820.tif Snapshot 4.tif",0.0379866338176563,0.0075796687457424,165.99866212561832,23.46969877369237,0.1080898809023438,0.0359264111149414,94.8523076663887,29.174384755846248
"Fabp4/1. WT, Chow/TY169/FABP4_TY169_11.vmic.20040. Snapshot 1 tif.tif",0.1630984574609991,0.0629231788311352,99.12603305233236,26.696828712132675,1.5007320580871206,0.0101642476160945,33.51426907396622,6.7155271404244905
"Fabp4/1. WT, Chow/TY169/FABP4_TY169_9.vmic.20040. Snapshot 1 tif.tif",0.1020317927820096,0.0223821891945274,134.36497779198953,20.527454481048427,0.2123233406852573,0.0673865909454377,72.71002964062373,18.68615964991972
"Fabp4/1. WT, Chow/TY169/FABP4_TY169_9.vmic.20040. Snapshot 2 tif.tif",0.093251532376131,0.022186126616314,142.10428802072764,20.63796750173006,0.2055480762777413,0.0678426686152744,75.45532231574626,19.28066386808588
"Fabp4/2. KO, Chow/ASV51/Fabp4 ASV51_1.vmic.18820.tif Snapshot 1.tif",0.0644333064531389,0.01383160025733,143.64707780442882,22.14397541838242,0.1399177690294506,0.0433984324335443,87.0306120439699,22.47180663421807
"Fabp4/2. KO, Chow/ASV51/Fabp4 ASV51_1.vmic.18820.tif Snapshot 2.tif",0.0548517508434175,0.0098890534801841,154.94701512540033,19.82671417394332,0.1168626303354432,0.0332419124608893,100.83518419630022,24.73862561578141
"Fabp4/2. KO, Chow/ASV51/Fabp4 ASV51_1.vmic.18820.tif Snapshot 3.tif",0.055552801241589,0.0094617909983912,155.02174087312477,19.74994448078533,0.1159706068327944,0.0331726025207214,101.87590860953262,24.887037073772422
"Fabp4/2. KO, Chow/ASV52/Fabp4 ASV52_1.vmic.18820.tif Snapshot 1.tif",0.049622459782835,0.0116630224177109,152.62049220794523,25.509252863687628,0.120735029981203,0.0390141704748472,87.72480979154037,26.264534892423946
"Fabp4/2. KO, Chow/ASV52/Fabp4 ASV52_1.vmic.18820.tif Snapshot 2.tif",0.0688223616016062,0.0161502712661146,124.38444562527492,26.71109147787947,0.1443382192173819,0.034739728700588,71.00876527876311,20.638127181512505
"Fabp4/2. KO, Chow/ASV52/Fabp4 ASV52_1.vmic.18820.tif Snapshot 3.tif",0.0576077976061263,0.0129952153180103,139.07451927275932,27.23530913275153,0.1322033832415231,0.0346878065532405,79.83473429415348,23.266331773559227
"Fabp4/2. KO, Chow/ASV52/Fabp4 ASV52_2.vmic.18820.tif  Snapshot 1.tif",0.0746481613485326,0.0168547989664221,123.5075072848176,25.035020459248564,0.1647334380906357,0.0547382723520594,66.84123431024942,20.161369992209035
"Fabp4/2. KO, Chow/ASV53/Fap4 ASV53_1.vmic.18820.tif Snapshot 1.tif",0.062361329624324,0.0146324604087986,140.95516617582766,24.11671663074085,0.1288934165477288,0.0333893434865521,82.38127234720201,22.74386405156886
"Fabp4/2. KO, Chow/ASV53/Fap4 ASV53_1.vmic.18820.tif Snapshot 2.tif",0.0463903290226759,0.0090348214171198,148.81861525000008,26.020592151204305,0.0904267283530682,0.0224056591975944,103.15454941619222,27.645216648827603
"Fabp4/2. KO, Chow/ASV53/Fap4 ASV53_1.vmic.18820.tif Snapshot 3.tif",0.0420846973780659,0.0087603121776371,150.81267233742784,26.732769074415124,0.0823459199318104,0.0196709033685528,104.24524902763284,28.65170013352288
"Fabp4/2. KO, Chow/ASV56/Fap4 ASV56_1b.vmic.18820.tif Snapshot 1.tif",0.0751754924595353,0.0178919097565022,119.8535528137393,25.60850942835223,0.1511408639040843,0.0399958729590421,67.19078851921955,20.348423678693017
"Fabp4/2. KO, Chow/ASV56/Fap4 ASV56_1b.vmic.18820.tif Snapshot 2.tif",0.0660572373272643,0.0165735301620427,128.13944989791804,26.34177977101439,0.137825459597451,0.0364271775209035,74.39049391273123,22.19731317027907
"Fabp4/2. KO, Chow/ASV56/Fap4 ASV56_1b.vmic.18820.tif Snapshot 3.tif",0.0706399989626986,0.0163414350579796,121.93353128897908,26.05180892910036,0.1452459035567664,0.0385921538174781,69.52310236791986,21.617263318795064
"Fabp4/2. KO, Chow/ASV63/Fabp4 ASV63_1.vmic.18820.tif Snapshot 1.tif",0.0500014943283919,0.0111936646394081,157.58921057728298,21.252913406318456,0.1211519327255036,0.0378256518995879,93.23394136894116,24.69992928890926
"Fabp4/2. KO, Chow/ASV63/Fabp4 ASV63_2.vmic.18820.tif Snapshot 1.tif",0.0915745672058658,0.0224331397224303,117.19355167995644,24.059850003551635,0.1949869655863341,0.0617114821708489,57.00484581497796,15.96614371314959
"Fabp4/2. KO, Chow/NK38/FABP4_NK38_1.vmic.18980.tif Snapshot 1.tif",0.0404155991137958,0.0047994158040227,169.09478942371408,19.548972730230656,0.0616560500561515,0.0155995547686661,130.54013625454604,26.06970661695472
"Fabp4/2. KO, Chow/NK38/FABP4_NK38_1.vmic.18980.tif Snapshot 2.tif",0.0550230635990062,0.0094522986353431,153.61095194068778,21.324697627642657,0.1244696268244143,0.0451263015331507,90.53091481343436,24.041061971855616
"Fabp4/2. KO, Chow/NK38/FABP4_NK38_1.vmic.18980.tif Snapshot 3.tif",0.0535188346681781,0.007557763118736,161.63459373470096,16.296919284676754,0.0888462912130364,0.0219239786750657,121.81476618093816,22.36030011892255
"Fabp4/2. KO, Chow/NK40/FABP4_NK40_1.vmic.18980.tif Snapshot 1.tif",0.0578013073000161,0.013535696646173,151.21656842738753,22.92501758743809,0.160186630005895,0.054893593183717,80.00288261936214,22.632665103685422
"Fabp4/2. KO, Chow/NK40/FABP4_NK40_1.vmic.18980.tif Snapshot 2.tif",0.0812639830263924,0.0226631194816763,129.11205165244235,24.256615344014268,0.2069863242250756,0.0816857710487089,63.29850305397016,17.34915270144418
"Fabp4/2. KO, Chow/NK40/FABP4_NK40_1.vmic.18980.tif Snapshot 3.tif",0.0773105949848093,0.0202622931876353,130.34042708449644,22.7072183611828,0.1980524043072956,0.0704551271884389,64.92618574045954,17.84596438790289
"Fabp4/2. KO, Chow/NK44/FABP4_NK44_1.vmic.18980.tif Snapshot 1.tif",0.0825146378216901,0.0228462828813859,133.61207949709691,23.5318494284464,0.2037739357237869,0.0680313475186663,64.57368899587254,16.501525457805855
"Fabp4/2. KO, Chow/NK44/FABP4_NK44_1.vmic.18980.tif Snapshot 2.tif",0.0830221976577686,0.0228149834059983,134.15691391607209,23.37469550695223,0.2057240280190152,0.0571882947363056,63.79807003067281,16.677051544697495
"Fabp4/2. KO, Chow/NK44/FABP4_NK44_1.vmic.18980.tif Snapshot 3.tif",0.0826693397147981,0.0217166903731293,134.8061672183781,22.66799991333149,0.1957528770598068,0.0558111831787527,67.96522535324443,16.83522684113385
"Fabp4/2. KO, Chow/NK44/FABP4_NK44_1.vmic.18980.tif Snapshot 4.tif",0.0834947664001974,0.0217859646167996,133.010328040893,23.34503292657073,0.1935216164765989,0.0521148825632545,67.45794770117094,16.711104489781587
"Fabp4/2. KO, Chow/NK56/FABP4_NK56_1.vmic.18980.tif Snapshot 1.tif",0.0737787692057958,0.0194887609309124,143.72825654205158,23.590652200058887,0.1796821650286695,0.0512801723817588,71.8857619739067,18.25884238658674
"Fabp4/2. KO, Chow/NK56/FABP4_NK56_1.vmic.18980.tif Snapshot 2.tif",0.0843854905699232,0.0226419303334859,134.41575062173987,23.462343683338304,0.2074962550305737,0.0677648651554736,65.25026498032967,17.417590525733925
"Fabp4/2. KO, Chow/NK56/FABP4_NK56_1.vmic.18980.tif Snapshot 3.tif",0.0912424082055995,0.025038209155834,128.0661446443322,23.74616311118184,0.2337887432083656,0.0865735297489031,59.08567262626095,15.468964858778282
"Fabp4/2. KO, Chow/NK56/FABP4_NK56_1.vmic.18980.tif Snapshot 4.tif",0.0772445711858431,0.0197911267762518,136.40864392805452,21.0188801308628,0.2015654481689418,0.0720384929282751,68.38969714407234,17.66445853183055
"Fabp4/2. KO, Chow/TY168/FABP4_TY168_5.vmic.20040. Snapshot 1 tif.tif",0.0846621741152858,0.0146600729433987,153.5409099207718,12.810284775458731,0.2081587906705089,0.1084155366884494,83.13792265500241,21.68075733203374
"Fabp4/2. KO, Chow/TY168/FABP4_TY168_5.vmic.20040. Snapshot 2 tif.tif",0.1803709681853043,0.0636878935490495,94.73428922611672,24.55846483790461,1.498224559504143,0.0124766034847184,32.026365348399246,7.733254148362518
"Fabp4/3. WT, WD/NK3/FABP4_NK3_1.vmic.18980.tif Snapshot 1.tif",0.03047358178113,0.0118514326928963,175.2526275021019,29.83728422612428,0.110531744895034,0.042540835672652,100.655661044715,29.709199534482828
"Fabp4/3. WT, WD/NK3/FABP4_NK3_1.vmic.18980.tif Snapshot 2.tif",0.0350677354512203,0.0140630625522354,178.20437596602306,29.82465029768317,0.1198245481436855,0.0432160222282076,94.6284064734213,26.67755161064625
"Fabp4/3. WT, WD/NK3/FABP4_NK3_1.vmic.18980.tif Snapshot 3.tif",0.0354555343892738,0.0131829163524999,177.40259128224662,29.59174805093612,0.1139390383100431,0.0397671428505794,95.62284422770746,26.95989665904605
"Fabp4/3. WT, WD/NK3/FABP4_NK3_1.vmic.18980.tif Snapshot 4.tif",0.0308582725062898,0.0116615261006502,182.13178960210217,29.53728486068444,0.1018631554705396,0.0367353913838522,107.94172889425116,27.614506803939346
"Fabp4/3. WT, WD/NK4/FABP4_NK4_1.vmic.18980.tif Snapshot 1.tif",0.0299120716248849,0.0090724037611438,168.88493177945546,32.3346522147436,0.0977316808819004,0.0373217807705877,106.61578626052312,30.781483862201583
"Fabp4/3. WT, WD/NK4/FABP4_NK4_1.vmic.18980.tif Snapshot 2.tif",0.0299797783687011,0.0101621361614286,171.8263621558046,32.23626983818109,0.103575855962251,0.0426101372357702,103.89110470498932,30.02722717439618
"Fabp4/3. WT, WD/NK4/FABP4_NK4_1.vmic.18980.tif Snapshot 3.tif",0.0379180644886146,0.0119617964028532,166.0080778051046,28.276679343377,0.1183376154489517,0.0443459270971967,96.71327676186802,27.41681916403042
"Fabp4/3. WT, WD/NK4/FABP4_NK4_1.vmic.18980.tif Snapshot 4.tif",0.047208984864168,0.0150770602530153,157.5559880892451,27.69763908139561,0.1433475684548435,0.05733424876346,83.82271322731123,24.267291279519373
"Fabp4/3. WT, WD/TY117/TY117_FABP4_8.vmic.20040. Snapshot 1 tif.tif",0.0687644917297589,0.0182558569093514,164.02798588068853,18.64811981379802,0.1981196726531806,0.0895147880841151,80.36614437755321,23.37228779123317
"Fabp4/3. WT, WD/TY117/TY117_FABP4_8.vmic.20040. Snapshot 2 tif.tif",0.0770848880022972,0.0208785037479858,156.1203878495105,20.0580705145583,0.2124889141512861,0.1000680004073636,75.05531706250243,21.702160829993733
"Fabp4/3. WT, WD/TY166/TY166_5.vmic.20040. Snapshot 1 tif.tif",0.1954746936121546,0.0738167035433776,85.55842317410507,25.5707404113432,1.4956319948987395,0.0109328388782556,30.25698729582577,6.428317811927732
"Fabp4/3. WT, WD/TY166/TY166_5.vmic.20040. Snapshot 2 tif.tif",0.1908854670686959,0.0737258908806012,88.27684067084853,26.19454910391305,1.4980853294885874,0.0104805816848111,31.722222222222225,6.490150189275701
"Fabp4/3. WT, WD/TY51/TY51_Fabp4_6.vmic.20040. Snapshot 1 tif.tif",0.0878338438586289,0.0271287341363298,141.76166340379805,25.9845059853128,0.238707775783914,0.1092881322469372,61.63236699585856,18.54714591164924
"Fabp4/4. KO, WD/NK1/FABP4_NK1_1 Snapshot 1.tif",0.049347988597075,0.0127246801392452,154.77198816054843,27.617014429729508,0.1111283712704935,0.0294617271233829,98.01529087283744,25.93824301212264
"Fabp4/4. KO, WD/NK1/FABP4_NK1_1 Snapshot 2.tif",0.0573976874247735,0.0153976539399084,153.23147220279623,24.613590469276293,0.1305506343357154,0.0336196550911732,88.8650524287739,22.990275950398765
"Fabp4/4. KO, WD/NK1/FABP4_NK1_1 Snapshot 3.tif",0.0611145598643992,0.0175777775662306,149.4411611148941,25.106506222216645,0.1447768986827798,0.041579907473922,84.62936338460031,22.26667094454411
"Fabp4/4. KO, WD/NK1/FABP4_NK1_1 Snapshot 4.tif",0.0696605264356422,0.0189580477150582,143.4327383080035,24.02631837226014,0.1604311960932792,0.0452454146830631,78.59494345896263,20.60084076201464
"Fabp4/4. KO, WD/NK2/FABP4_NK2_1.vmic.18980.tif Snapshot 1.tif",0.0616957047906291,0.0182548068138929,151.81068879912482,25.911785175075384,0.1540398180257331,0.0431490021404699,76.86193057354377,22.048373713791324
"Fabp4/4. KO, WD/NK2/FABP4_NK2_1.vmic.18980.tif Snapshot 2.tif",0.0730128560636385,0.0218931516055712,141.20284149178943,26.7214540100728,0.1815947229704888,0.0610103851937101,68.65651798178556,19.53591494927051
"Fabp4/4. KO, WD/NK2/FABP4_NK2_1.vmic.18980.tif Snapshot 3.tif",0.0634736820167382,0.0196888383746625,150.6219056709522,26.375314204366767,0.1652410172677666,0.0507575879267658,73.93495273697985,21.104010821755807
"Fabp4/4. KO, WD/NK2/FABP4_NK2_1.vmic.18980.tif Snapshot 4.tif",0.0539211283707362,0.0168560900839699,160.95460800428896,25.464815252616503,0.139492831919967,0.0443340217971765,85.5942427296877,24.12319856492909
"Fabp4/4. KO, WD/TY118/TY118_FABP4_3.vmic.20040. Snapshot 1 tif.tif",0.1758850561993724,0.0678216898920325,93.93585904824796,26.361416261577727,1.4968162521789092,0.0223483961578223,31.33916338726133,7.148113758965203
"Fabp4/4. KO, WD/TY118/TY118_FABP4_3.vmic.20040. Snapshot 2 tif.tif",0.1026518067520163,0.0281078084371646,134.02303613221227,23.98368899113785,0.2486332835514641,0.1232281310003206,64.81249507269881,17.57761182454373
"Fabp4/4. KO, WD/TY118/TY118_FABP4_3.vmic.20040. Snapshot 3 tif.tif",0.0869022216578765,0.0234256914009595,147.78563220002872,21.24275669550532,0.2262390628362947,0.1007564374531874,70.87199984727799,19.404117127577766
"Fabp4/4. KO, WD/TY165/TY165_11.vmic.20040. Snapshot 1 tif.tif",0.0982680222144693,0.0246505787990424,138.92123274361114,21.48760244450265,0.2267090779373566,0.076930973264703,71.63320178256393,17.949700001121343
"Fabp4/4. KO, WD/TY52/TY52_Fabp4_3.vmic.20040. Snapshot 1 tif.tif",0.2484558947425836,0.0835291644277117,68.28952483279814,19.31923735668265,1.501905773187572,0.0185449421745556,34.38384268122622,5.802645436090579
"Fabp4/4. KO, WD/TY52/TY52_Fabp4_4.vmic.20040. Snapshot 1 tif.tif",0.1872931472801217,0.0649708940244373,86.54399982263462,22.60289750110869,1.5056495016362983,0.0070716435002105,36.58091635140816,5.15979109433523
"Hamp2/1. WT, Chow/ASV54/HAMP_ASV54_1.vmic.13300.tif Snapshot 1.tif",0.0340102941202198,0.0072469924045017,143.64461783493977,17.05010824503867,0.0645633530457212,0.0167292623257368,112.22347749495094,17.74933317257331
"Hamp2/1. WT, Chow/ASV54/HAMP_ASV54_1.vmic.13300.tif Snapshot 2.tif",0.0388537037572059,0.0082033146283777,137.75806292554654,17.05153967889104,0.0729865378155065,0.0181380765482035,104.44819035823112,17.80155318470112
"Hamp2/1. WT, Chow/ASV54/HAMP_ASV54_1.vmic.13300.tif Snapshot 3.tif",0.0371271035446614,0.0084441129099965,145.67066564707972,17.23908586533911,0.0722591773853973,0.0183674216773986,111.3396956956244,17.909798057884885
"Hamp2/1. WT, Chow/ASV54/HAMP_ASV54_1.vmic.13300.tif Snapshot 4.tif",0.029322227195034,0.0075521700580438,155.46650974443833,17.418213104882753,0.0636120697758449,0.0188270067343122,119.3080773115166,19.50710111205948
"Hamp2/1. WT, Chow/ASV57/HAMP_ASV57_1.vmic.13300.tif Snapshot 1.tif",0.0357805308035276,0.0073781227364686,142.0487817542453,19.5073191421116,0.0647283552091648,0.0125098014045938,111.14420283898372,14.691606264090144
"Hamp2/1. WT, Chow/ASV57/HAMP_ASV57_1.vmic.13300.tif Snapshot 2.tif",0.032886698408677,0.0073963454401656,141.96147473675427,19.102140900405875,0.062686376482579,0.0130019398127012,110.10433742247302,14.96964836374064
"Hamp2/1. WT, Chow/ASV57/HAMP_ASV57_1.vmic.13300.tif Snapshot 3.tif",0.0416745741736699,0.0095103395017905,134.455600801815,19.962879649077543,0.0784525069809982,0.0156889897070789,99.904777249426,15.223449769232696
"Hamp2/1. WT, Chow/ASV57/HAMP_ASV57_1.vmic.13300.tif Snapshot 4.tif",0.0450927276084579,0.0099233982600467,131.0120403810146,20.152330620534048,0.083423438050876,0.0165939517105576,96.6754455444099,15.160299442266036
"Hamp2/1. WT, Chow/ASV60/HAMP_ASV60_1.vmic.13300.tif Snapshot 1.tif",0.035136873995572,0.0084019184633325,145.54543664800394,17.487099895096065,0.0708662275817166,0.0181390270850158,109.88863338331122,17.914930355630357
"Hamp2/1. WT, Chow/ASV60/HAMP_ASV60_1.vmic.13300.tif Snapshot 2.tif",0.035799315343604,0.0082485330404092,146.80441582896572,16.362854760705805,0.0716172492509753,0.0184555569400415,111.21811786733304,17.606302588212905
"Hamp2/1. WT, Chow/ASV60/HAMP_ASV60_1.vmic.13300.tif Snapshot 3.tif",0.0364474529497373,0.0084150472925619,144.98126972394363,17.14614238693818,0.0723703256789299,0.018362900896089,109.8082056728897,17.404970058530907
"Hamp2/1. WT, Chow/ASV60/HAMP_ASV60_1.vmic.13300.tif Snapshot 4.tif",0.033432679400972,0.0083707108879772,149.81418846329612,17.444461351934585,0.0707118081309195,0.0198160394572042,112.07859085632042,18.42195160944222
"Hamp2/1. WT, Chow/NK41/Hamp_NK41_1.vmic.18980.tif Snapshot 1.tif",0.0548406111909746,0.0090590638377001,161.98194667193863,14.423254076755708,0.091942039233789,0.0179272257921215,128.53699079386976,15.11909642569502
"Hamp2/1. WT, Chow/NK41/Hamp_NK41_1.vmic.18980.tif Snapshot 2.tif",0.0510736665715322,0.0097260914729635,165.1158871621867,15.913527079865794,0.0911594229990327,0.0189145749529679,128.89405319838065,15.783127801981202
"Hamp2/1. WT, Chow/NK41/Hamp_NK41_1.vmic.18980.tif Snapshot 3.tif",0.0430749718223037,0.0078327691725586,172.79040040463764,15.596442297878731,0.0763878850707879,0.0178535631875757,140.39207469591298,16.324820850991216
"Hamp2/1. WT, Chow/NK42/Hamp_NK42_1.vmic.18980.tif Snapshot 1.tif",0.0456574140025529,0.0076441090108494,173.75482990061784,13.639731339340434,0.0767622234658119,0.0153167603713131,143.62130079149958,14.934009059944335
"Hamp2/1. WT, Chow/NK42/Hamp_NK42_1.vmic.18980.tif Snapshot 2.tif",0.0527956400615954,0.0088013148757338,166.9735195062181,12.711510782959284,0.0880852403247109,0.016307880006304,135.29861111620127,14.197458268495993
"Hamp2/1. WT, Chow/NK42/Hamp_NK42_1.vmic.18980.tif Snapshot 3.tif",0.0491504804616623,0.0080912641173255,172.2915723164253,12.406661567206156,0.0824656539850496,0.0154911367801008,141.32296963525962,14.259354497480842
"Hamp2/1. WT, Chow/NK42/Hamp_NK42_1.vmic.18980.tif Snapshot 4.tif",0.053841077260905,0.0099965240836052,168.93072508251862,13.412427218816983,0.0943880343043162,0.01990931805284,133.59468350260394,15.423656217744917
"Hamp2/1. WT, Chow/NK43/Hamp_NK43_1.vmic.18980.tif Snapshot 1.tif",0.044686232092278,0.0096474506955234,170.4770965046791,16.34414335001909,0.0837757951734358,0.0175698640741979,133.09131808984944,15.98910445342013
"Hamp2/1. WT, Chow/NK43/Hamp_NK43_1.vmic.18980.tif Snapshot 2.tif",0.0544578996264779,0.0112842402252085,162.9931224578784,15.712565788158098,0.1001621963583201,0.0230930354086028,123.36890083267576,16.739604744168393
"Hamp2/1. WT, Chow/NK43/Hamp_NK43_1.vmic.18980.tif Snapshot 3.tif",0.0589185679157848,0.0134667755256354,159.05678185560896,16.532296238680726,0.1120905467730993,0.0244247334851481,116.17199303602872,15.892182420832803
"Hamp2/1. WT, Chow/NK43/Hamp_NK43_1.vmic.18980.tif Snapshot 4.tif",0.0501887933424998,0.0117673843783887,167.05885258294984,17.0809213576945,0.1000285388612637,0.0244989818801098,125.0531012359187,17.495819347069673
"Hamp2/1. WT, Chow/NK53/Hamp_NK53_1.vmic.18980.tif Snapshot 1.tif",0.0461444556303774,0.0062290838459111,167.46673987791343,15.930167228360553,0.0712105203618888,0.0126176129531255,144.74543799542596,13.390846949967097
"Hamp2/1. WT, Chow/NK53/Hamp_NK53_1.vmic.18980.tif Snapshot 2.tif",0.0484437901740793,0.0070218829658412,164.01584572351982,15.803044655619235,0.0748269529324291,0.0116809090409492,139.93929755081007,13.041614919838668
"Hamp2/1. WT, Chow/NK53/Hamp_NK53_1.vmic.18980.tif Snapshot 3.tif",0.0480565237772738,0.0064901279463659,164.54713486042837,16.15767312317171,0.074376118962912,0.0127552717300356,140.33627275076336,13.93880800931444
"Hamp2/1. WT, Chow/NK53/Hamp_NK53_1.vmic.18980.tif Snapshot 4.tif",0.0509540061034257,0.0078128981586434,162.21278890651476,16.354055652389402,0.0808770201350816,0.0135659077482182,135.47591864933264,13.811400332363853
"Hamp2/2. KO, Chow/ASV51/HAMP_ASV51_1.vmic.13300.tif Snapshot 1.tif",0.0073068677006975,0.0020374185026846,197.9813285485997,16.576131848877953,0.1626204104717525,0.0642389337570711,27.089097637347,17.19426612235426
"Hamp2/2. KO, Chow/ASV51/HAMP_ASV51_1.vmic.13300.tif Snapshot 2.tif",0.0074852813507126,0.0020285443742658,195.84073741497176,15.89406959827839,0.1608121687668547,0.0635181746279569,27.79987665741597,17.973093947882454
"Hamp2/2. KO, Chow/ASV51/HAMP_ASV51_1.vmic.13300.tif Snapshot 3.tif",0.0075897761653698,0.0020761052483882,191.63227783601548,14.918124160663965,0.1767471152465463,0.0528647907717078,25.93372053296891,16.51314129425754
"Hamp2/2. KO, Chow/NK38/Hamp_NK38_1.vmic.18980.tif Snapshot 1.tif",0.0612319760194762,0.0104653898461297,159.32239410191093,14.222083273381772,0.1009244347414879,0.0183390472934891,127.35464505793075,14.030895983411051
"Hamp2/2. KO, Chow/NK38/Hamp_NK38_1.vmic.18980.tif Snapshot 2.tif",0.0518846201090195,0.0103558793442203,167.89309057883858,16.085313985615336,0.0928574895275359,0.0186836386773741,133.5701521112738,15.493413956549052
"Hamp2/2. KO, Chow/NK38/Hamp_NK38_2.vmic.18980.tif Snapshot 1.tif",0.0469177259714727,0.0098176701785173,175.71556929187193,14.994744138239538,0.0896282205032588,0.020885321555722,136.14324911965525,17.576948703983728
"Hamp2/2. KO, Chow/NK40/Hamp_NK40_1.vmic.18980.tif Snapshot 1.tif",0.0369548098763764,0.0079962796891516,178.49995003077342,16.11827475560826,0.0722192403764279,0.0175282756389666,145.86408086001833,16.96182563766428
"Hamp2/2. KO, Chow/NK40/Hamp_NK40_1.vmic.18980.tif Snapshot 2.tif",0.0359349052766695,0.0073654218670279,179.1826383162524,14.880503748020136,0.0678976165003871,0.015525161358554,149.19661692595335,15.57618342198408
"Hamp2/2. KO, Chow/NK40/Hamp_NK40_1.vmic.18980.tif Snapshot 3.tif",0.036603122279164,0.0082093329685759,179.6399158421117,15.785631565707227,0.0724545474188926,0.0167321128202805,146.9149568342329,15.735977010376931
"Hamp2/2. KO, Chow/NK40/Hamp_NK40_1.vmic.18980.tif Snapshot 4.tif",0.0394835275711399,0.0090625041407482,179.35783659034573,14.908927392440562,0.079572566663693,0.018443987277736,144.0411107104219,15.832841677777756
"Hamp2/2. KO, Chow/NK44/Hamp_NK44_1.vmic.18980.tif Snapshot 1.tif",0.012710173889071,0.0013362838229933,190.69971140555043,22.38331862507924,0.0178173648958681,0.0030371091104337,176.70788345960597,25.18973752913908
"Hamp2/2. KO, Chow/NK44/Hamp_NK44_1.vmic.18980.tif Snapshot 2.tif",0.0146788164992501,0.0017940296035361,190.4617428401909,20.0099491962717,0.0224965839221456,0.0071963601672136,171.5099683501271,23.140445563592085
"Hamp2/2. KO, Chow/NK44/Hamp_NK44_1.vmic.18980.tif Snapshot 3.tif",0.0136280424143347,0.0026277651235164,194.095271436966,19.946986032412607,0.156015935029856,0.0623400353975347,30.293178893178897,19.401577524617903
"Hamp2/2. KO, Chow/NK44/Hamp_NK44_1.vmic.18980.tif Snapshot 4.tif",0.0110900223887648,0.0014342665957126,195.83291961013583,23.045708963711856,0.016705594353568,0.0047204654674065,184.10959153233927,21.437248484512928
"Hamp2/2. KO, Chow/NK56/Hamp_NK56_1.vmic.18980.tif Snapshot 1.tif",0.0104362588163683,0.0023377823668108,213.8743025568976,17.511213092160848,0.1598596514511725,0.0627248953777224,29.26748971193416,19.659905821218608
"Hamp2/2. KO, Chow/NK56/Hamp_NK56_1.vmic.18980.tif Snapshot 2.tif",0.0104503871063337,0.0020507169928801,214.69934422885527,16.44713761008763,0.1648299152827376,0.060664735286793,26.635053463505344,17.395952899091316
"Hamp2/2. KO, Chow/NK56/Hamp_NK56_1.vmic.18980.tif Snapshot 3.tif",0.0102664226939711,0.0015123218826155,214.9090174480652,16.877042478228354,0.0157924721710397,0.00448710593562,204.8345599287765,17.730804678988
"Hamp2/2. KO, Chow/NK56/Hamp_NK56_1.vmic.18980.tif Snapshot 4.tif",0.0104420179370772,0.0015136432559534,214.4465269052681,17.11783034938311,0.0160931809197004,0.0051105534279349,205.10572268654693,17.96322895707305
"Hamp2/3. WT, WD/NK3/Hamp_NK3L_1.vmic.19740.tif Snapshot 1.tif",0.0655647748173371,0.0098957534063031,160.15578780782528,11.499392987514105,0.1077445034049131,0.0218883544427429,126.24385426693034,14.744649746442576
"Hamp2/3. WT, WD/NK3/Hamp_NK3L_1.vmic.19740.tif Snapshot 2.tif",0.0720340003735343,0.0098815652071873,154.1969060716811,10.811274726094195,0.1122824544361193,0.0199317427315047,123.11180286985724,13.44593960341445
"Hamp2/3. WT, WD/NK3/Hamp_NK3L_1.vmic.19740.tif Snapshot 3.tif",0.0723734216647558,0.0111184705432306,154.19079680808088,11.660464872328642,0.117185333357886,0.0249570567949399,120.24774873180046,13.791711718377009
"Hamp2/3. WT, WD/NK3/Hamp_NK3L_1.vmic.19740.tif Snapshot 4.tif",0.0665215993831372,0.0099037538361021,159.43149549425308,11.757789939162937,0.1060896359346872,0.0204702526972337,127.18335983925697,14.041813704698608
"Hamp2/3. WT, WD/NK4/Hamp_NK4_1.vmic.18980.tif Snapshot 1.tif",0.0209578677627371,0.0034272491258277,193.80161309800096,18.78200940424649,0.0361951434327049,0.0087561662066628,176.4467097235125,16.24281165957999
"Hamp2/3. WT, WD/NK4/Hamp_NK4_1.vmic.18980.tif Snapshot 2.tif",0.0213628051217756,0.0037502232056449,192.06817106515663,20.144912893495096,0.0380544564545113,0.0094154052269568,174.0204720707228,16.84591648016307
"Hamp2/3. WT, WD/NK4/Hamp_NK4_1.vmic.18980.tif Snapshot 3.tif",0.0249124490356944,0.0044596995067348,187.95026377143336,19.36864498371863,0.0453232386734144,0.0107755879144448,167.8047331432445,15.808372154112815
"Hamp2/3. WT, WD/NK4/Hamp_NK4_1.vmic.18980.tif Snapshot 4.tif",0.0235503785058664,0.0044742812747023,190.7602485829915,18.603419676643323,0.0438854428872519,0.0112373534469179,169.6056729935416,16.818797499939905
"Hamp2/4. KO, WD/NK1/Hamp_NK1L_2.vmic.19740.tif Snapshot 1.tif",0.0222443311101825,0.0029297606546552,211.70716458403825,7.545919618798352,0.0315829291253362,0.0044095589043966,194.0860178241944,9.213613908434851
"Hamp2/4. KO, WD/NK1/Hamp_NK1L_2.vmic.19740.tif Snapshot 2.tif",0.0239545952600793,0.0025937072008397,209.3566421063384,6.428423021125379,0.0334697397902747,0.0051653352997533,192.74294663293568,9.660400712858593
"Hamp2/4. KO, WD/NK1/Hamp_NK1L_2.vmic.19740.tif Snapshot 3.tif",0.0257825243054891,0.0025500955821149,205.3118698910878,6.858898119799515,0.0353461063147978,0.0049933636613231,189.8796158880062,8.996163220465636
"Hamp2/4. KO, WD/NK1/Hamp_NK1L_2.vmic.19740.tif Snapshot 4.tif",0.0239446604875409,0.0026414536684807,208.84280775907007,7.254900392674321,0.0328799989426023,0.0046271988741875,192.4955371001,9.860081232301074
"Hamp2/4. KO, WD/NK2/Hamp_NK2L_1.vmic.19740.tif Snapshot 1.tif",0.0191375562907153,0.0022212179225899,210.88720045863784,7.110260535886503,0.0266878629950263,0.0056096876149622,193.0916918056816,12.41307040370564
"Hamp2/4. KO, WD/NK2/Hamp_NK2L_1.vmic.19740.tif Snapshot 2.tif",0.0183597245129161,0.0018819539987256,211.75688748029071,6.492928270555876,0.0249934203122416,0.004735806845858,195.5428295049929,11.816076032361655
"Hamp2/4. KO, WD/NK2/Hamp_NK2L_1.vmic.19740.tif Snapshot 3.tif",0.0200334424672943,0.0022458550488022,208.47627658183524,7.7172413962901425,0.0281529626943468,0.0063984209239674,189.715894576444,13.52195627778418
"Hamp2/4. KO, WD/NK2/Hamp_NK2L_1.vmic.19740.tif Snapshot 4.tif",0.0201432152949868,0.0022694494837065,207.92666452367823,7.716265798322198,0.0283583830987854,0.0050548524111133,189.64738922273847,13.037177186004172
"Igfbp2/1. WT, Chow/NK41/IGFBP2_NK41_1.vmic.18980.tif Snapshot 1.tif",0.0526569219621185,0.0088940584176649,163.62112524516564,17.520598676122404,0.0885667633345645,0.0172826274209196,132.42046084486483,16.03218671514813
"Igfbp2/1. WT, Chow/NK41/IGFBP2_NK41_1.vmic.18980.tif Snapshot 2.tif",0.046193595393782,0.0082453984001077,168.7754897429734,18.160987572652257,0.0790218292490138,0.0163584953976258,138.13380145183143,16.569226595763432
"Igfbp2/1. WT, Chow/NK41/IGFBP2_NK41_1.vmic.18980.tif Snapshot 3.tif",0.0519352303094062,0.0087609068815331,163.34471134763223,17.668988897685157,0.0869215505644415,0.0165406999831362,132.1852845220757,15.938727002252492
"Igfbp2/1. WT, Chow/NK41/IGFBP2_NK41_1.vmic.18980.tif Snapshot 4.tif",0.0412853448438261,0.0076067251522144,173.18393034149543,18.465916395350472,0.0732204495659162,0.0157166085754702,142.0968410726981,17.04282536573045
"Igfbp2/1. WT, Chow/NK42/IGFBP2_NK42_1.vmic.18980.tif Snapshot 1.tif",0.0363398844679909,0.0063105223644652,179.62424353154637,18.74220610674167,0.0607073425565921,0.0125202044964844,155.29124155101576,15.428362828145016
"Igfbp2/1. WT, Chow/NK42/IGFBP2_NK42_1.vmic.18980.tif Snapshot 2.tif",0.0393309272403024,0.0065688662486436,176.63481472573767,17.73397821804664,0.0646458630517797,0.0123868840119667,151.89827297306502,14.666025317666348
"Igfbp2/1. WT, Chow/NK42/IGFBP2_NK42_1.vmic.18980.tif Snapshot 3.tif",0.042277752650504,0.0072536574596585,172.98400271758356,17.86838127301304,0.0704101762100126,0.0142072716140621,147.34875477494538,14.750071274265416
"Igfbp2/1. WT, Chow/NK42/IGFBP2_NK42_1.vmic.18980.tif Snapshot 4.tif",0.0354969739459837,0.0061714386049889,179.79726111884008,18.61097352760355,0.0598920456951566,0.0119867894684607,156.3396738297139,15.442762482732808
"Igfbp2/1. WT, Chow/NK43/IGFBP2_NK43_1.vmic.18980.tif Snapshot 1.tif",0.0147704198399985,0.0019136753406067,207.0743920902448,18.58292070447523,0.0227430687360945,0.0051007453545892,193.76521382062984,19.22894153111365
"Igfbp2/1. WT, Chow/NK43/IGFBP2_NK43_1.vmic.18980.tif Snapshot 2.tif",0.0123101194299802,0.0019297792756863,210.8914685586356,18.756134036121413,0.0198852923129149,0.0049210355765931,198.5165597983261,19.459761478591943
"Igfbp2/1. WT, Chow/NK43/IGFBP2_NK43_1.vmic.18980.tif Snapshot 3.tif",0.0121652133521261,0.0026012167709254,207.564359449392,20.249489501210505,0.1658096108296802,0.061875819296375,26.424766018718504,17.9332961595563
"Igfbp2/1. WT, Chow/NK43/IGFBP2_NK43_1.vmic.18980.tif Snapshot 4.tif",0.0128781814943736,0.0015366290687066,209.5905686109977,18.06534413755035,0.0191409972045114,0.004641396654469,197.1660695710501,20.101456001944
"Igfbp2/1. WT, Chow/NK53/IGFBP2_NK53_1.vmic.18980.tif Snapshot 1.tif",0.0377296095825423,0.0117443732633376,181.66551679411265,18.95582021076483,1.3499064431383894,0.0658227961244646,2.9192762700069594,1.7807124154550855
"Igfbp2/1. WT, Chow/NK53/IGFBP2_NK53_1.vmic.18980.tif Snapshot 2.tif",0.0315040894627534,0.0046661027996333,186.3593318080423,18.9104688987473,0.0502912664393687,0.0107478776461222,167.812539696003,16.582636933577223
"Igfbp2/1. WT, Chow/NK53/IGFBP2_NK53_1.vmic.18980.tif Snapshot 3.tif",0.032666003204445,0.0046551809420743,185.1140012311012,18.48281440772148,0.0519143039145015,0.0122562145355835,166.57169653743262,15.89637140579169
"Igfbp2/1. WT, Chow/NK53/IGFBP2_NK53_1.vmic.18980.tif Snapshot 4.tif",0.0279522067176208,0.0049128328178935,189.53436503040663,19.357985055000007,0.0465353239045221,0.0108811024477077,168.62187468161298,18.31455939027876
"Igfbp2/2. KO, Chow/NK38/IGFBP2_NK38_1.vmic.18980.tif Snapshot 1.tif",0.0316870077752705,0.0065376854270683,186.8273525978769,17.334888537421126,0.0563209905082595,0.0131432572713602,159.12696708113867,17.655978890709203
"Igfbp2/2. KO, Chow/NK40/IGFBP2_NK40_1.vmic.18980.tif Snapshot 1.tif",0.0406308637434851,0.0073123490138258,175.60347242904325,16.86864238355501,0.0682214576918534,0.0124203914312275,150.93596065179472,14.235438426599062
"Igfbp2/2. KO, Chow/NK40/IGFBP2_NK40_1.vmic.18980.tif Snapshot 2.tif",0.041683814481407,0.0066756735859086,174.69215385737425,15.728894120553514,0.067435107297182,0.0117559345671425,151.9147887386684,13.483609523354538
"Igfbp2/2. KO, Chow/NK40/IGFBP2_NK40_1.vmic.18980.tif Snapshot 3.tif",0.0432834732090341,0.0066431706282005,171.9689261537874,17.44056490801949,0.069520037805406,0.0132952078549247,149.20797057264136,14.400387787049429
"Igfbp2/2. KO, Chow/NK40/IGFBP2_NK40_1.vmic.18980.tif Snapshot 4.tif",0.0435054911734114,0.0075332364832001,171.52810305697685,18.514406443190804,0.0745679213987616,0.0145755122839702,143.93491446347008,16.23103910354675
"Igfbp2/2. KO, Chow/NK44/IGFBP2_NK44_1.vmic.18980.tif Snapshot 1.tif",0.0386826394797108,0.0065077086547799,179.9690470078165,16.737854792967394,0.0651027883131926,0.0127667053471901,154.46622578576594,14.655893915578025
"Igfbp2/2. KO, Chow/NK44/IGFBP2_NK44_1.vmic.18980.tif Snapshot 2.tif",0.0354198394226959,0.006246863855803,183.75231867648804,16.55355808003607,0.060034370529774,0.0117283435131606,159.1093240756711,14.374496533106935
"Igfbp2/2. KO, Chow/NK44/IGFBP2_NK44_1.vmic.18980.tif Snapshot 3.tif",0.0327514153250316,0.0054757925094195,186.50326047493456,16.4526862054568,0.0545388371328802,0.0106340455554665,163.72239294759373,14.271578908770264
"Igfbp2/2. KO, Chow/NK44/IGFBP2_NK44_1.vmic.18980.tif Snapshot 4.tif",0.0298598308235089,0.005440062321465,191.8848110755169,16.84015541711965,0.0514021770660885,0.0105726217710932,169.70941589261827,14.250689377126728
"Igfbp2/2. KO, Chow/NK56/IGFBP2_NK56_1.vmic.18980.tif Snapshot 1.tif",0.034366901872262,0.005447946572548,184.40806788296555,16.41127404847077,0.0553806091788012,0.0108154536079341,164.0360537200805,14.319677997074445
"Igfbp2/2. KO, Chow/NK56/IGFBP2_NK56_1.vmic.18980.tif Snapshot 2.tif",0.0325090427765208,0.0050822684655915,188.0701513154043,16.215182662618876,0.0519245711051639,0.0092622030471675,168.51005591926682,13.257394417152684
"Igfbp2/2. KO, Chow/NK56/IGFBP2_NK56_1.vmic.18980.tif Snapshot 3.tif",0.0332910779045684,0.0054690295311103,188.2355517742221,16.415687513626715,0.0536348245245275,0.0094836219819321,167.07973556822296,13.490642746077894
"Igfbp2/2. KO, Chow/NK56/IGFBP2_NK56_1.vmic.18980.tif Snapshot 4.tif",0.0345711331894298,0.0056486901738407,185.2193133815458,17.334512801924053,0.0558180555187884,0.0104701833826895,163.831018236535,14.443994176825276
"Igfbp2/3. WT, WD/NK3/IGFBP2_NK3_1.vmic.18980.tif Snapshot 1.tif",0.0259288341476369,0.0040792462129917,189.8180649106791,18.498927414347698,0.0448803863174925,0.009873102857314,170.2474867268125,14.749956403476858
"Igfbp2/3. WT, WD/NK3/IGFBP2_NK3_1.vmic.18980.tif Snapshot 2.tif",0.0268505339822283,0.0045183517635974,188.43503724857385,19.289025166765885,0.0466096053668803,0.0100149081669341,167.97588595171734,15.539676176761622
"Igfbp2/3. WT, WD/NK3/IGFBP2_NK3_1.vmic.18980.tif Snapshot 3.tif",0.0296033872310242,0.0045336359117897,185.289026732104,18.67263053657144,0.0497366418972045,0.0103415129169926,164.40802832854118,15.512402106384515
"Igfbp2/3. WT, WD/NK3/IGFBP2_NK3_1.vmic.18980.tif Snapshot 4.tif",0.0292714719406344,0.0052102405217869,184.3968273787014,20.003340843257185,0.0519724017508822,0.0116744363195427,161.38960366656406,16.185851578945492
"Igfbp2/3. WT, WD/NK4/IGFBP2_NK4_1.vmic.18980.tif Snapshot 1.tif",0.0230191280265646,0.0037133993994995,192.23074753351844,21.443581609812146,0.0413612493945336,0.0091305989947915,172.73081785592495,17.295920047143838
"Igfbp2/3. WT, WD/NK4/IGFBP2_NK4_1.vmic.18980.tif Snapshot 2.tif",0.0241073091119561,0.0037057743911546,192.087536941802,19.15771564486916,0.0410365669458954,0.0096779423353608,173.47940795684335,16.520759508570332
"Igfbp2/3. WT, WD/NK4/IGFBP2_NK4_1.vmic.18980.tif Snapshot 3.tif",0.0243888294354191,0.0039369123654102,191.9900424385003,18.90923259672733,0.0418821919124076,0.0086771895569618,172.14528052336985,15.671830421657456
"Igfbp2/3. WT, WD/NK4/IGFBP2_NK4_1.vmic.18980.tif Snapshot 4.tif",0.022360441156132,0.0036190974857331,189.6756101930956,21.1862180863608,0.0396236706405364,0.0090068686437643,169.85715197990555,18.17925774467184
"Igfbp2/4. KO, WD/NK1/IGFBP2_NK1_1.vmic.18980.tif Snapshot 1.tif",0.0432229095048426,0.0065172442239731,157.4299046091534,24.028123564204304,0.0705898186532539,0.014461553977322,133.07633614008344,19.361268961591723
"Igfbp2/4. KO, WD/NK1/IGFBP2_NK1_1.vmic.18980.tif Snapshot 2.tif",0.0338362789018933,0.0053241510707959,163.72101717313663,24.440807122025625,0.056212596663105,0.0114382811838376,145.3352204529345,18.07492512332963
"Igfbp2/4. KO, WD/NK1/IGFBP2_NK1_1.vmic.18980.tif Snapshot 3.tif",0.0448227142735295,0.0073762177763393,156.05058521842372,23.46891892777816,0.073976928147316,0.0138286244990776,131.42805063579,17.564283781541686
"Igfbp2/4. KO, WD/NK1/IGFBP2_NK1_1.vmic.18980.tif Snapshot 4.tif",0.0455868880453533,0.0075613255553372,153.86536840186216,23.90937504551233,0.0749412663835281,0.0137787325415996,129.4800373951005,17.980995704841373
"Igfbp2/4. KO, WD/NK2/IGFBP2_NK2_1.vmic.18980.tif Snapshot 1.tif",0.01933241635749,0.0032743718020974,200.3281444023132,19.61352627724644,0.0349898188485793,0.0093460043658543,182.93653059677007,17.46089408644713
"Igfbp2/4. KO, WD/NK2/IGFBP2_NK2_1.vmic.18980.tif Snapshot 2.tif",0.0272053403663313,0.0050844577313062,191.73544078019725,18.993080469148023,0.05164554924306,0.0131208316891026,166.67307729877447,17.113785317550622
"Igfbp2/4. KO, WD/NK2/IGFBP2_NK2_1.vmic.18980.tif Snapshot 3.tif",0.0189433311585763,0.0031734186719918,202.50215046404577,20.05995222939035,0.0352901351225932,0.0100023030185178,181.67119357660624,21.14162377389383
"Igfbp2/4. KO, WD/NK2/IGFBP2_NK2_1.vmic.18980.tif Snapshot 4.tif",0.019769408047239756,0.004155170484169823,201.50645548439536,21.34049443717731,0.04087803608774677,0.011312872843761633,176.97443825298748,18.259727712687848
